[{"jid":"557499510904@s.whatsapp.net","wins":8,"defeats":2,"ties":8,"points":217},{"jid":"559187285964@s.whatsapp.net","wins":1,"defeats":0,"ties":1,"points":0},{"jid":"5511946123724@s.whatsapp.net","wins":2,"defeats":1,"ties":1,"points":0},{"jid":"558592242451@s.whatsapp.net","wins":0,"defeats":1,"ties":2,"points":0},{"jid":"5511968996033@s.whatsapp.net","wins":1,"defeats":0,"ties":0,"points":0},{"jid":"5514997461462@s.whatsapp.net","wins":1,"defeats":0,"ties":0,"points":0},{"jid":"556193845817@s.whatsapp.net","wins":1,"defeats":0,"ties":0,"points":0},{"jid":"555597209296@s.whatsapp.net","wins":1,"defeats":1,"ties":0,"points":0}]