[{"id":"557491032768@s.whatsapp.net","xp":2263,"level":17},{"id":"554792688839@s.whatsapp.net","xp":1897,"level":15},{"id":"556296638900@s.whatsapp.net","xp":1429,"level":13},{"id":"558592242451@s.whatsapp.net","xp":1118,"level":11},{"id":"5511987723399@s.whatsapp.net","xp":1264,"level":12},{"id":"556874008325@s.whatsapp.net","xp":1241,"level":11},{"id":"18315340628@s.whatsapp.net","xp":1105,"level":11},{"id":"553884368711@s.whatsapp.net","xp":782,"level":8},{"id":"12232143106@s.whatsapp.net","xp":744,"level":8},{"id":"559184347758@s.whatsapp.net","xp":659,"level":7},{"id":"994408115602@s.whatsapp.net","xp":716,"level":8},{"id":"559392449743@s.whatsapp.net","xp":574,"level":6},{"id":"558184745905@s.whatsapp.net","xp":320,"level":4},{"id":"557398246394@s.whatsapp.net","xp":2309,"level":8},{"id":"557996096237@s.whatsapp.net","xp":376,"level":4},{"id":"5511910575987@s.whatsapp.net","xp":312,"level":4},{"id":"558381141455@s.whatsapp.net","xp":293,"level":3},{"id":"556193845817@s.whatsapp.net","xp":282,"level":3},{"id":"5524988326146@s.whatsapp.net","xp":259,"level":3},{"id":"556298669407@s.whatsapp.net","xp":252,"level":3},{"id":"351932191232@s.whatsapp.net","xp":233,"level":3},{"id":"556599236354@s.whatsapp.net","xp":221,"level":3},{"id":"554891170888@s.whatsapp.net","xp":286,"level":3},{"id":"556194610175@s.whatsapp.net","xp":180,"level":2},{"id":"557381044096@s.whatsapp.net","xp":226,"level":3},{"id":"17404497706@s.whatsapp.net","xp":215,"level":2},{"id":"553598089194@s.whatsapp.net","xp":203,"level":2},{"id":"554791563920@s.whatsapp.net","xp":200,"level":2},{"id":"558892775118@s.whatsapp.net","xp":198,"level":2},{"id":"557582546380@s.whatsapp.net","xp":177,"level":2},{"id":"5514998302102@s.whatsapp.net","xp":233,"level":3},{"id":"558597369478@s.whatsapp.net","xp":174,"level":2},{"id":"558187632435@s.whatsapp.net","xp":159,"level":2},{"id":"18312909311@s.whatsapp.net","xp":216,"level":2},{"id":"558589370709@s.whatsapp.net","xp":1,"level":1},{"id":"447441433937@s.whatsapp.net","xp":31,"level":1},{"id":"556599041595@s.whatsapp.net","xp":21,"level":1},{"id":"553488341173@s.whatsapp.net","xp":81,"level":1},{"id":"994404150643@s.whatsapp.net","xp":6,"level":1},{"id":"5511970335896@s.whatsapp.net","xp":126,"level":1},{"id":"15135477645@s.whatsapp.net","xp":41,"level":1},{"id":"5493855810671@s.whatsapp.net","xp":71,"level":1},{"id":"557598843528@s.whatsapp.net","xp":1,"level":1},{"id":"5511939050917@s.whatsapp.net","xp":1,"level":1},{"id":"558386825084@s.whatsapp.net","xp":1,"level":1},{"id":"5511987132969@s.whatsapp.net","xp":51,"level":1},{"id":"15166193862@s.whatsapp.net","xp":1,"level":1},{"id":"556194659989@s.whatsapp.net","xp":1,"level":1},{"id":"5524992022231@s.whatsapp.net","xp":1,"level":1},{"id":"559885376495@s.whatsapp.net","xp":385,"level":1},{"id":"557196133610@s.whatsapp.net","xp":145,"level":1},{"id":"557581588263@s.whatsapp.net","xp":143,"level":1},{"id":"556596254590@s.whatsapp.net","xp":132,"level":1},{"id":"5527988394878@s.whatsapp.net","xp":123,"level":1},{"id":"16824523224@s.whatsapp.net","xp":121,"level":1},{"id":"555591061919@s.whatsapp.net","xp":115,"level":1},{"id":"553897349613@s.whatsapp.net","xp":114,"level":1},{"id":"553599174730@s.whatsapp.net","xp":103,"level":1},{"id":"558293952298@s.whatsapp.net","xp":102,"level":1},{"id":"556592353141@s.whatsapp.net","xp":105,"level":1},{"id":"5511948433911@s.whatsapp.net","xp":91,"level":1},{"id":"558181014045@s.whatsapp.net","xp":87,"level":1},{"id":"5522998928976@s.whatsapp.net","xp":92,"level":1},{"id":"201150788341@s.whatsapp.net","xp":84,"level":1},{"id":"557999517461@s.whatsapp.net","xp":83,"level":1},{"id":"554199653065@s.whatsapp.net","xp":158,"level":2},{"id":"556195662620@s.whatsapp.net","xp":95,"level":1},{"id":"5521992975877@s.whatsapp.net","xp":103,"level":1},{"id":"556592013876@s.whatsapp.net","xp":378,"level":4},{"id":"553298183319@s.whatsapp.net","xp":78,"level":1},{"id":"558481420974@s.whatsapp.net","xp":76,"level":1},{"id":"5519986009272@s.whatsapp.net","xp":73,"level":1},{"id":"5521972118674@s.whatsapp.net","xp":72,"level":1},{"id":"558396975215@s.whatsapp.net","xp":101,"level":1},{"id":"553182364479@s.whatsapp.net","xp":65,"level":1},{"id":"556993501178@s.whatsapp.net","xp":63,"level":1},{"id":"559187285964@s.whatsapp.net","xp":59,"level":1},{"id":"556284763251@s.whatsapp.net","xp":57,"level":1},{"id":"559491476075@s.whatsapp.net","xp":101,"level":1},{"id":"556492497503@s.whatsapp.net","xp":50,"level":1},{"id":"554792091566@s.whatsapp.net","xp":44,"level":1},{"id":"557588827065@s.whatsapp.net","xp":43,"level":1},{"id":"5527997495825@s.whatsapp.net","xp":42,"level":1},{"id":"557599729423@s.whatsapp.net","xp":41,"level":1},{"id":"557998247570@s.whatsapp.net","xp":37,"level":1},{"id":"5516992360102@s.whatsapp.net","xp":37,"level":1},{"id":"556198042656@s.whatsapp.net","xp":35,"level":1},{"id":"18123736608@s.whatsapp.net","xp":31,"level":1},{"id":"558186104986@s.whatsapp.net","xp":27,"level":1},{"id":"5519989899552@s.whatsapp.net","xp":41,"level":1},{"id":"5512988123750@s.whatsapp.net","xp":23,"level":1},{"id":"554691300947@s.whatsapp.net","xp":22,"level":1},{"id":"558291450566@s.whatsapp.net","xp":81,"level":1},{"id":"5527992436888@s.whatsapp.net","xp":20,"level":1},{"id":"33641051404@s.whatsapp.net","xp":18,"level":1},{"id":"556292859338@s.whatsapp.net","xp":22,"level":1},{"id":"558196543988@s.whatsapp.net","xp":16,"level":1},{"id":"558781063120@s.whatsapp.net","xp":116,"level":1},{"id":"557599398696@s.whatsapp.net","xp":16,"level":1},{"id":"13607175407@s.whatsapp.net","xp":16,"level":1},{"id":"556284130454@s.whatsapp.net","xp":15,"level":1},{"id":"557999173896@s.whatsapp.net","xp":15,"level":1},{"id":"555596731970@s.whatsapp.net","xp":14,"level":1},{"id":"5514997745288@s.whatsapp.net","xp":14,"level":1},{"id":"555184142858@s.whatsapp.net","xp":14,"level":1},{"id":"557391033196@s.whatsapp.net","xp":13,"level":1},{"id":"5516988719662@s.whatsapp.net","xp":13,"level":1},{"id":"5511988428834@s.whatsapp.net","xp":31,"level":1},{"id":"556196661361@s.whatsapp.net","xp":61,"level":1},{"id":"558681590089@s.whatsapp.net","xp":26,"level":1},{"id":"558481182829@s.whatsapp.net","xp":21,"level":1},{"id":"5514997075596@s.whatsapp.net","xp":21,"level":1},{"id":"5511983462347@s.whatsapp.net","xp":11,"level":1},{"id":"556984063795@s.whatsapp.net","xp":10,"level":1},{"id":"556798889565@s.whatsapp.net","xp":10,"level":1},{"id":"558688968770@s.whatsapp.net","xp":9,"level":1},{"id":"5511959704933@s.whatsapp.net","xp":29,"level":1},{"id":"5516988407118@s.whatsapp.net","xp":8,"level":1},{"id":"559182120935@s.whatsapp.net","xp":8,"level":1},{"id":"556295620702@s.whatsapp.net","xp":7,"level":1},{"id":"5511949040645@s.whatsapp.net","xp":7,"level":1},{"id":"19204136781@s.whatsapp.net","xp":1,"level":1},{"id":"558296165538@s.whatsapp.net","xp":1,"level":1},{"id":"558187429996@s.whatsapp.net","xp":71,"level":1},{"id":"559198247412@s.whatsapp.net","xp":1,"level":1},{"id":"556599243319@s.whatsapp.net","xp":1,"level":1},{"id":"5519992413086@s.whatsapp.net","xp":1,"level":1},{"id":"5511968231217@s.whatsapp.net","xp":1,"level":1},{"id":"554196121624@s.whatsapp.net","xp":1,"level":1},{"id":"5519989470819@s.whatsapp.net","xp":1,"level":1},{"id":"553198841165@s.whatsapp.net","xp":1,"level":1},{"id":"553191898874@s.whatsapp.net","xp":1,"level":1},{"id":"558192682105@s.whatsapp.net","xp":1,"level":1},{"id":"558589614500@s.whatsapp.net","xp":1,"level":1},{"id":"553891355119@s.whatsapp.net","xp":1,"level":1},{"id":"554199695726@s.whatsapp.net","xp":1,"level":1},{"id":"5514997144095@s.whatsapp.net","xp":561,"level":6},{"id":"557499739922@s.whatsapp.net","xp":1,"level":1},{"id":"557781623101@s.whatsapp.net","xp":1,"level":1},{"id":"5521995161942@s.whatsapp.net","xp":1,"level":1},{"id":"555199605800@s.whatsapp.net","xp":1,"level":1},{"id":"558386705673@s.whatsapp.net","xp":1,"level":1},{"id":"553196298617@s.whatsapp.net","xp":1,"level":1},{"id":"559886028307@s.whatsapp.net","xp":1,"level":1},{"id":"558381079137@s.whatsapp.net","xp":1,"level":1},{"id":"559285330008@s.whatsapp.net","xp":1,"level":1},{"id":"5511976253918@s.whatsapp.net","xp":1,"level":1},{"id":"5511933222107@s.whatsapp.net","xp":1,"level":1},{"id":"559499030539@s.whatsapp.net","xp":1,"level":1},{"id":"559883138898@s.whatsapp.net","xp":1,"level":1},{"id":"559492129245@s.whatsapp.net","xp":1,"level":1},{"id":"557788396517@s.whatsapp.net","xp":1,"level":1},{"id":"559985189981@s.whatsapp.net","xp":16,"level":1},{"id":"555196149367@s.whatsapp.net","xp":1,"level":1},{"id":"556283374286@s.whatsapp.net","xp":1,"level":1},{"id":"5521965594487@s.whatsapp.net","xp":1,"level":1},{"id":"13608891961@s.whatsapp.net","xp":1,"level":1},{"id":"5524993214024@s.whatsapp.net","xp":141,"level":1},{"id":"558193627089@s.whatsapp.net","xp":16,"level":1},{"id":"5518988190390@s.whatsapp.net","xp":1,"level":1},{"id":"556799178020@s.whatsapp.net","xp":1,"level":1},{"id":"557588532929@s.whatsapp.net","xp":1,"level":1},{"id":"559284401428@s.whatsapp.net","xp":1,"level":1},{"id":"5511989604521@s.whatsapp.net","xp":1,"level":1},{"id":"558282213538@s.whatsapp.net","xp":1,"level":1},{"id":"556791033779@s.whatsapp.net","xp":1,"level":1},{"id":"556798070389@s.whatsapp.net","xp":1,"level":1},{"id":"556791343773@s.whatsapp.net","xp":1,"level":1},{"id":"553499724023@s.whatsapp.net","xp":1,"level":1},{"id":"559881896281@s.whatsapp.net","xp":1,"level":1},{"id":"557799466211@s.whatsapp.net","xp":1,"level":1},{"id":"559884405050@s.whatsapp.net","xp":1,"level":1},{"id":"5511996886835@s.whatsapp.net","xp":1,"level":1},{"id":"559885861914@s.whatsapp.net","xp":1,"level":1},{"id":"5521971564051@s.whatsapp.net","xp":1,"level":1},{"id":"559181194894@s.whatsapp.net","xp":1,"level":1},{"id":"16029468212@s.whatsapp.net","xp":1,"level":1},{"id":"558299815726@s.whatsapp.net","xp":1,"level":1},{"id":"554291047038@s.whatsapp.net","xp":1,"level":1},{"id":"556593519897@s.whatsapp.net","xp":1,"level":1},{"id":"5521979487832@s.whatsapp.net","xp":1,"level":1},{"id":"557388224929@s.whatsapp.net","xp":1,"level":1},{"id":"5511953514455@s.whatsapp.net","xp":1,"level":1},{"id":"554598463885@s.whatsapp.net","xp":1,"level":1},{"id":"552189135728@s.whatsapp.net","xp":1,"level":1},{"id":"5521995925871@s.whatsapp.net","xp":1,"level":1},{"id":"552792267441@s.whatsapp.net","xp":1,"level":1},{"id":"555492458849@s.whatsapp.net","xp":1,"level":1},{"id":"556496016197@s.whatsapp.net","xp":1,"level":1},{"id":"15159967234@s.whatsapp.net","xp":1,"level":1},{"id":"5519999977023@s.whatsapp.net","xp":236,"level":3},{"id":"557999749468@s.whatsapp.net","xp":1,"level":1},{"id":"559284072568@s.whatsapp.net","xp":1,"level":1},{"id":"5511934910953@s.whatsapp.net","xp":1,"level":1},{"id":"5518991493799@s.whatsapp.net","xp":1,"level":1},{"id":"15854163473@s.whatsapp.net","xp":1,"level":1},{"id":"5513981062512@s.whatsapp.net","xp":31,"level":1},{"id":"5516991506664@s.whatsapp.net","xp":1,"level":1},{"id":"557798295336@s.whatsapp.net","xp":1,"level":1},{"id":"13607225217@s.whatsapp.net","xp":1,"level":1},{"id":"553788125096@s.whatsapp.net","xp":96,"level":1},{"id":"559892364798@s.whatsapp.net","xp":1,"level":1},{"id":"559891284324@s.whatsapp.net","xp":1,"level":1},{"id":"5511960274098@s.whatsapp.net","xp":1,"level":1},{"id":"559984406383@s.whatsapp.net","xp":1,"level":1},{"id":"555597209296@s.whatsapp.net","xp":1,"level":1},{"id":"556484349515@s.whatsapp.net","xp":1,"level":1},{"id":"5521989144496@s.whatsapp.net","xp":1,"level":1},{"id":"5519991489172@s.whatsapp.net","xp":1,"level":1},{"id":"552899026818@s.whatsapp.net","xp":1,"level":1},{"id":"5511962163969@s.whatsapp.net","xp":1,"level":1},{"id":"554598119500@s.whatsapp.net","xp":1,"level":1},{"id":"556798199272@s.whatsapp.net","xp":1,"level":1},{"id":"559891595785@s.whatsapp.net","xp":1,"level":1},{"id":"557799850606@s.whatsapp.net","xp":1,"level":1},{"id":"559885600006@s.whatsapp.net","xp":1,"level":1},{"id":"559891031894@s.whatsapp.net","xp":1,"level":1},{"id":"555199922402@s.whatsapp.net","xp":1,"level":1},{"id":"17866878139@s.whatsapp.net","xp":1,"level":1},{"id":"5527996125235@s.whatsapp.net","xp":1,"level":1},{"id":"558893107287@s.whatsapp.net","xp":1,"level":1},{"id":"5527992738166@s.whatsapp.net","xp":1,"level":1},{"id":"555191695396@s.whatsapp.net","xp":1,"level":1},{"id":"556784442945@s.whatsapp.net","xp":1,"level":1},{"id":"556391136755@s.whatsapp.net","xp":1,"level":1},{"id":"556791230385@s.whatsapp.net","xp":1,"level":1},{"id":"558496102167@s.whatsapp.net","xp":1,"level":1},{"id":"553599351653@s.whatsapp.net","xp":1,"level":1},{"id":"5518981468007@s.whatsapp.net","xp":1,"level":1},{"id":"5518991876994@s.whatsapp.net","xp":1,"level":1},{"id":"558193393492@s.whatsapp.net","xp":1,"level":1},{"id":"5521990712279@s.whatsapp.net","xp":6,"level":1},{"id":"5511967862198@s.whatsapp.net","xp":1,"level":1},{"id":"557999848556@s.whatsapp.net","xp":36,"level":1},{"id":"5511969983625@s.whatsapp.net","xp":1,"level":1},{"id":"555196471530@s.whatsapp.net","xp":1,"level":1},{"id":"351962818284@s.whatsapp.net","xp":61,"level":1},{"id":"554195261625@s.whatsapp.net","xp":16,"level":1},{"id":"557381054006@s.whatsapp.net","xp":11,"level":1},{"id":"557185090710@s.whatsapp.net","xp":106,"level":1},{"id":"552172329722@s.whatsapp.net","xp":56,"level":1},{"id":"5522998484891@s.whatsapp.net","xp":11,"level":1},{"id":"556592162838@s.whatsapp.net","xp":16,"level":1},{"id":"5524998837797@s.whatsapp.net","xp":6,"level":1},{"id":"553888210880@s.whatsapp.net","xp":1,"level":1},{"id":"558184898308@s.whatsapp.net","xp":1,"level":1},{"id":"5521998338630@s.whatsapp.net","xp":6,"level":1},{"id":"553899081260@s.whatsapp.net","xp":1,"level":1},{"id":"559591470743@s.whatsapp.net","xp":1,"level":1},{"id":"994405205938@s.whatsapp.net","xp":1,"level":1},{"id":"553184751381@s.whatsapp.net","xp":196,"level":2},{"id":"553171172781@s.whatsapp.net","xp":26,"level":1},{"id":"5514996349085@s.whatsapp.net","xp":6,"level":1},{"id":"556581187587@s.whatsapp.net","xp":31,"level":1},{"id":"556599412719@s.whatsapp.net","xp":16,"level":1},{"id":"557491378211@s.whatsapp.net","xp":6,"level":1},{"id":"559192896768@s.whatsapp.net","xp":106,"level":1},{"id":"557582040782@s.whatsapp.net","xp":6,"level":1},{"id":"558496619752@s.whatsapp.net","xp":6,"level":1},{"id":"556592541214@s.whatsapp.net","xp":11,"level":1},{"id":"556881011899@s.whatsapp.net","xp":1,"level":1},{"id":"555399726611@s.whatsapp.net","xp":1,"level":1},{"id":"34623156209@s.whatsapp.net","xp":1,"level":1},{"id":"17063248775@s.whatsapp.net","xp":1,"level":1},{"id":"19034298527@s.whatsapp.net","xp":1,"level":1},{"id":"5514997461462@s.whatsapp.net","xp":1,"level":1},{"id":"553484242788@s.whatsapp.net","xp":1,"level":1},{"id":"5512997936163@s.whatsapp.net","xp":1,"level":1},{"id":"556399344020@s.whatsapp.net","xp":1,"level":1},{"id":"557499258115@s.whatsapp.net","xp":1,"level":1},{"id":"558381296795@s.whatsapp.net","xp":1,"level":1},{"id":"557499510904@s.whatsapp.net","xp":5030,"level":11},{"id":"5511995353693@s.whatsapp.net","xp":1,"level":1},{"id":"558288712580@s.whatsapp.net","xp":1,"level":1},{"id":"556196883857@s.whatsapp.net","xp":1,"level":1},{"id":"556182936699@s.whatsapp.net","xp":1,"level":1},{"id":"555592103582@s.whatsapp.net","xp":1,"level":1},{"id":"5511974623478@s.whatsapp.net","xp":1,"level":1},{"id":"559192539623@s.whatsapp.net","xp":1,"level":1},{"id":"5511986937027@s.whatsapp.net","xp":1,"level":1},{"id":"5511985024191@s.whatsapp.net","xp":1,"level":1},{"id":"558381974426@s.whatsapp.net","xp":1,"level":1},{"id":"558192658281@s.whatsapp.net","xp":1,"level":1},{"id":"558199452792@s.whatsapp.net","xp":1,"level":1},{"id":"559292764758@s.whatsapp.net","xp":1,"level":1},{"id":"553491538109@s.whatsapp.net","xp":1,"level":1},{"id":"559292154202@s.whatsapp.net","xp":1,"level":1},{"id":"558898167527@s.whatsapp.net","xp":1,"level":1},{"id":"559381054871@s.whatsapp.net","xp":1,"level":1},{"id":"5528999933893@s.whatsapp.net","xp":1,"level":1},{"id":"5511949634665@s.whatsapp.net","xp":1,"level":1}]