[{"id":"555596811426@s.whatsapp.net","name":"Jimmy Clark ","age":"16","time":"02/04 18:34:23","serial":"d8b9eddbf4d9e41628b3"},{"id":"557999633943@s.whatsapp.net","name":"gustavo","age":"18","time":"02/04 22:18:38","serial":"c2aad51b792d1ae36e6e"},{"id":"559885376495@s.whatsapp.net","name":"Astro","age":"19","time":"02/04 22:20:43","serial":"ecfaa71316e2445e1457"},{"id":"558386825084@s.whatsapp.net","name":"Devil","age":"16","time":"02/04 22:28:06","serial":"daa7af4948639e4302a1"},{"id":"5561920054806@s.whatsapp.net","name":"𝑷͢𝑲𝑩 ","age":"15","time":"02/04 22:51:38","serial":"82dd3433815b773054eb"},{"id":"5511946123724@s.whatsapp.net","name":"꧁ঔৣ☬✞ᙢᗅSᑤᗅᖇᗅᗫᓎ✞☬ঔৣ⁩","age":"13","time":"02/04 23:03:47","serial":"d0132eaafe5a7451299f"},{"id":"556199011736@s.whatsapp.net","name":"Felipe","age":"12","time":"02/04 23:12:16","serial":"c03ca7d54c69b7ed23d1"},{"id":"554187398527@s.whatsapp.net","name":"𝙂̶𝘼̶𝘽̶𝙍̶𝙄̶𝙀̶𝙇̶̅","age":"39","time":"02/04 23:21:35","serial":"2d479b7241acfb9100df"},{"id":"555391449726@s.whatsapp.net","name":"Esdras","age":"14","time":"02/04 23:22:17","serial":"6b05ed2464f8500eb4e5"},{"id":"554399047956@s.whatsapp.net","name":"rafao","age":"17","time":"02/04 23:23:00","serial":"63fe4c1c9f0902f52854"},{"id":"556281480681@s.whatsapp.net","name":"Gabriele","age":"21","time":"02/04 23:25:36","serial":"4daf842165a9bf9a1a68"},{"id":"554184377975@s.whatsapp.net","name":"Esdras","age":"14","time":"02/04 23:27:46","serial":"bca1e1df780f34cdfaae"},{"id":"556592013876@s.whatsapp.net","name":"8TWT8","age":"15","time":"02/04 23:29:01","serial":"0083ee9ef5c5c6f94876"},{"id":"5528999963320@s.whatsapp.net","name":"Gillyane","age":"16","time":"02/04 23:29:03","serial":"f8dbeebcafe3203576d0"},{"id":"556592162838@s.whatsapp.net","name":"tavin","age":"19","time":"02/04 23:30:23","serial":"a6f41e535f72fb7fe071"},{"id":"5511946264844@s.whatsapp.net","name":"thai","age":"16","time":"02/04 23:50:09","serial":"1d2df73b16a8e280deb6"},{"id":"994408440040@s.whatsapp.net","name":"oculto","age":"18","time":"03/04 00:01:15","serial":"c77ccec956aa1f2e5c08"},{"id":"5511953719257@s.whatsapp.net","name":"Guga bem dotado","age":"20","time":"03/04 00:06:03","serial":"a3b211bed1272e8bf977"},{"id":"555182803767@s.whatsapp.net","name":"Eduardo","age":"20","time":"03/04 00:09:28","serial":"ffc826e386446dee75d4"},{"id":"5511967862198@s.whatsapp.net","name":"Kennedy","age":"17","time":"03/04 00:14:26","serial":"4018e0a7dd9d69d0a8b2"},{"id":"558193488729@s.whatsapp.net","name":"HuSalt","age":"18","time":"03/04 01:08:12","serial":"2346be4dbb7c1e3a85f1"},{"id":"559187285964@s.whatsapp.net","name":"eat","age":"17","time":"03/04 19:51:32","serial":"489a41a11b1869ce3d67"},{"id":"552899026818@s.whatsapp.net","name":"tada","age":"17","time":"03/04 19:53:11","serial":"9c19dee311000220e3a1"},{"id":"554599274904@s.whatsapp.net","name":"hinata","age":"13","time":"03/04 20:01:00","serial":"1260af917b506dbf2180"},{"id":"558481182829@s.whatsapp.net","name":"Lawliet","age":"40","time":"03/04 20:16:09","serial":"ca4bc88f5ee0e2d6f2f0"},{"id":"558396889103@s.whatsapp.net","name":"san edits","age":"17","time":"03/04 20:26:48","serial":"2522c19ba1838d3e4baa"},{"id":"558187330723@s.whatsapp.net","name":"danilo","age":"16","time":"03/04 20:27:32","serial":"c86c99f416d84b787f3f"},{"id":"559184622584@s.whatsapp.net","name":"pinck gtr","age":"22","time":"03/04 20:27:42","serial":"7c766506bdcf2f0b3fc0"},{"id":"559891049597@s.whatsapp.net","name":"Tio Otaku","age":"20","time":"03/04 20:34:51","serial":"8d4e3b9916750b185817"},{"id":"557398246394@s.whatsapp.net","name":"nicolas","age":"16","time":"03/04 20:44:18","serial":"1f1d067012f0de0c49aa"},{"id":"19294694058@s.whatsapp.net","name":"Mary","age":"15","time":"03/04 20:57:37","serial":"f64e14f17a796edb1c6b"},{"id":"558186104986@s.whatsapp.net","name":"Clara","age":"15","time":"03/04 20:57:42","serial":"05f04bd963db5294d16c"},{"id":"5521981312790@s.whatsapp.net","name":"gabi","age":"15","time":"03/04 20:57:53","serial":"2be8bec78d63cb4197fe"},{"id":"554291047038@s.whatsapp.net","name":"deploy","age":"39","time":"03/04 20:59:43","serial":"2e23681cf46cad838f45"},{"id":"556283374286@s.whatsapp.net","name":"","age":"12","time":"03/04 21:01:29","serial":"8a22664778d74a66895f"},{"id":"557499510904@s.whatsapp.net","name":"Italu","age":"18","time":"04/04 02:56:36","serial":"68f15c47e9e7375f3509"},{"id":"557998434458@s.whatsapp.net","name":"gostozin","age":"18","time":"04/04 14:49:38","serial":"37947fd4687747171837"},{"id":"556295620702@s.whatsapp.net","name":"guuh","age":"20","time":"04/04 14:49:41","serial":"9def529478e6a7a9f0fe"},{"id":"15139872981@s.whatsapp.net","name":"shiro","age":"18","time":"04/04 14:55:58","serial":"e564b90d6ae6b65151a0"},{"id":"556791033779@s.whatsapp.net","name":"Levy","age":"18","time":"04/04 15:14:29","serial":"4e3a94ecdd3ed2e29664"},{"id":"556791230385@s.whatsapp.net","name":"Joseph","age":"18","time":"04/04 15:25:57","serial":"5c5907e807ff1d829bbf"},{"id":"554891486150@s.whatsapp.net","name":"ᬶ̶͟͞ঔৣ͜͡ℍ 𝕐 ℙ 𝔼⁶⁶⁶⸸🐊🚩","age":"15","time":"04/04 15:31:03","serial":"87af12cdfbd4c29b41fd"},{"id":"558184898308@s.whatsapp.net","name":"vinizin","age":"16","time":"04/04 15:50:44","serial":"ea828cf126a93ba2fd58"},{"id":"557588076270@s.whatsapp.net","name":"seu pikanoseucu","age":"17","time":"04/04 15:54:07","serial":"84f2174e21781ef447ff"},{"id":"5519992333213@s.whatsapp.net","name":"mika","age":"15","time":"04/04 16:18:43","serial":"4419fc3a37fb44b599f0"},{"id":"557183518183@s.whatsapp.net","name":"Loord ","age":" 15","time":"04/04 16:19:40","serial":"75a4fb29648cf8e9fca0"},{"id":"5515996078694@s.whatsapp.net","name":"Deivin","age":"16","time":"04/04 16:20:30","serial":"489c16a1ff21bec49e27"},{"id":"17177228796@s.whatsapp.net","name":"papai feio","age":"18","time":"04/04 16:34:04","serial":"d7fa004fb858d9738cd8"},{"id":"5511970335896@s.whatsapp.net","name":"pãozinho gostosa ","age":"19","time":"04/04 16:37:48","serial":"6d4a1eb498e33d31321d"},{"id":"5519991489172@s.whatsapp.net","name":"Luis🖤","age":"18","time":"04/04 16:50:56","serial":"f5df4ed05e55be3ba316"},{"id":"5511975061776@s.whatsapp.net","name":"buceta","age":"18","time":"04/04 16:54:28","serial":"71d84d1a55223a850528"},{"id":"5522998928976@s.whatsapp.net","name":"LORD DRAKKON ","age":" 31","time":"04/04 17:06:27","serial":"31ec612e60ed2293277b"},{"id":"5511969983625@s.whatsapp.net","name":"GALINDO PIROKUDO","age":"15","time":"04/04 17:28:53","serial":"d5aa562d58e073c5161a"},{"id":"554598119500@s.whatsapp.net","name":"Steven","age":"18","time":"04/04 18:01:57","serial":"4b8fe5113a23387e4aee"},{"id":"554891233097@s.whatsapp.net","name":"Skarp","age":"17","time":"04/04 18:27:00","serial":"4b82e42694fe2f248853"},{"id":"5519992413086@s.whatsapp.net","name":"nunes","age":"15","time":"04/04 18:31:04","serial":"27bcaad512e81ee8fc6b"},{"id":"555496789270@s.whatsapp.net","name":"Asuna","age":"21","time":"04/04 19:45:41","serial":"bcc613ff361e38723eac"},{"id":"556592353141@s.whatsapp.net","name":"mario","age":"15","time":"04/04 19:48:16","serial":"dbf2566eb50c396f2209"},{"id":"557988124926@s.whatsapp.net","name":"samurai","age":"18","time":"04/04 19:48:51","serial":"a4051696cd644d4e0d85"},{"id":"559294902840@s.whatsapp.net","name":"homem","age":"18","time":"04/04 20:08:00","serial":"deb6d1e660de255ab73c"},{"id":"5511959783616@s.whatsapp.net","name":"Sad","age":"17","time":"04/04 20:09:56","serial":"f80e4357188d3009a9b3"},{"id":"555192626625@s.whatsapp.net","name":"ĐRG","age":"15","time":"04/04 20:15:20","serial":"3ff7b6674e493a0aea75"},{"id":"5522999186083@s.whatsapp.net","name":"✧͜͡҉Nielzera ²³ 🚩","age":"15","time":"04/04 20:18:11","serial":"125e2b9353d9e4865e18"},{"id":"557186800507@s.whatsapp.net","name":"dexx","age":"15","time":"04/04 20:21:26","serial":"8106cb6145a332d73a07"},{"id":"559884865637@s.whatsapp.net","name":"benedito","age":"15","time":"04/04 20:25:22","serial":"47af83debf9dae6a04c4"},{"id":"557996338275@s.whatsapp.net","name":"draxx espanca ppk de adm","age":"16","time":"04/04 20:27:19","serial":"57bfabdc5a7575705bf4"},{"id":"553891355119@s.whatsapp.net","name":"deploy","age":"16","time":"04/04 20:28:59","serial":"d00866bed85b1cf845cb"},{"id":"556798070389@s.whatsapp.net","name":"Salles Chan","age":"13","time":"04/04 21:01:29","serial":"780a38c906b330f20866"},{"id":"559991102956@s.whatsapp.net","name":"pau","age":"18","time":"04/04 21:01:58","serial":"cf3309f0913cfac6a81c"},{"id":"559491329453@s.whatsapp.net","name":"jvzin","age":"17","time":"04/04 23:50:20","serial":"73a213274b2c58ab3ff3"},{"id":"556391197391@s.whatsapp.net","name":"juliano","age":"15","time":"04/04 23:54:25","serial":"e6c10b562e4f10e2264d"},{"id":"559892266584@s.whatsapp.net","name":"indra","age":"13","time":"04/04 23:57:39","serial":"ef577a6fc4272a405cd8"},{"id":"5511948056676@s.whatsapp.net","name":"Natin","age":"16","time":"05/04 00:52:52","serial":"302225a9388af9181d36"},{"id":"559984311033@s.whatsapp.net","name":"zeusss","age":" 17","time":"05/04 00:53:18","serial":"a0de21e20464298f1a9d"},{"id":"5579920018651@s.whatsapp.net","name":"Pedro of merdas","age":"18","time":"05/04 00:57:40","serial":"193db50ab7aec79f4764"},{"id":"558585036443@s.whatsapp.net","name":"Biah","age":"13","time":"05/04 01:16:02","serial":"90231bcbe2faa4519d34"},{"id":"556798199272@s.whatsapp.net","name":"RafiiKawai:)","age":"15","time":"05/04 01:27:15","serial":"0e231a060bc77ed6d9b5"},{"id":"557996548832@s.whatsapp.net","name":"MITØ","age":"16","time":"05/04 01:54:49","serial":"fbd6727d6f126ccb74bc"},{"id":"994405029329@s.whatsapp.net","name":"cho","age":"19","time":"05/04 02:28:11","serial":"0f1408ab72db8a385a9c"},{"id":"559984913466@s.whatsapp.net","name":"nery","age":"22","time":"05/04 02:31:31","serial":"b7743c265cb4d0695f6a"},{"id":"556792690614@s.whatsapp.net","name":"Namikaze","age":"30","time":"05/04 04:36:20","serial":"accfa2e22d20382bc7ff"},{"id":"552792684792@s.whatsapp.net","name":"killua","age":"17","time":"05/04 04:56:51","serial":"f0aaf63b23a666b9a1e2"},{"id":"5528999288782@s.whatsapp.net","name":"reispaumole","age":"18","time":"05/04 05:17:17","serial":"8dc3f6d2eefa34c5031f"},{"id":"555185383312@s.whatsapp.net","name":"Daruii","age":"16","time":"05/04 06:53:29","serial":"4108cb039dab234462c9"},{"id":"555597209296@s.whatsapp.net","name":"darlisson","age":"14","time":"05/04 15:29:59","serial":"70e9b863576bcb440ef1"},{"id":"5524992022231@s.whatsapp.net","name":"lyanzin 22cm","age":"17","time":"05/04 15:38:00","serial":"e56a7815a08f2921de11"},{"id":"5511961546376@s.whatsapp.net","name":"ᵂ⃟ᴬ҉ᴿ✟ALISSON_SHIT🔥㋛︎","age":"15","time":"05/04 15:45:44","serial":"b6e950ff4c0f222ced65"},{"id":"558791279468@s.whatsapp.net","name":"CKZINHO","age":"16","time":"05/04 15:50:43","serial":"fc1b12d89068a2c18134"},{"id":"559885600006@s.whatsapp.net","name":"✞۝ঔৣ𝐊𝐞𝐤𝐞𝐥ঔৣ۝✞","age":"22","time":"05/04 16:05:53","serial":"2f6ff109e88bea194262"},{"id":"557798295336@s.whatsapp.net","name":"riquelme","age":"18","time":"05/04 21:58:33","serial":"65f16daec3dca9bb6e39"},{"id":"557588156042@s.whatsapp.net","name":"seu vinicius","age":"15","time":"05/04 22:01:14","serial":"5a8803ec171d4b683597"},{"id":"558695847695@s.whatsapp.net","name":"luh","age":"14","time":"05/04 22:07:45","serial":"755c4abc2b35d89301fe"},{"id":"556592907161@s.whatsapp.net","name":"Agostinho","age":"13","time":"05/04 22:28:56","serial":"ff5fcf9a3a0029b615d3"},{"id":"559885913811@s.whatsapp.net","name":"raveno","age":"19","time":"05/04 22:46:37","serial":"609daf060096b23f2093"},{"id":"557799432398@s.whatsapp.net","name":"takeda","age":"18","time":"05/04 23:08:29","serial":"20062c892bf748dd1c8b"},{"id":"5511987723399@s.whatsapp.net","name":"Turgo","age":" 18","time":"05/04 23:09:28","serial":"7a12395b6fa4557623c7"},{"id":"556194610175@s.whatsapp.net","name":"Guamaoezequiel😳👉👈","age":"18","time":"05/04 23:10:13","serial":"1b92da312cfb7c37a36b"},{"id":"558592229785@s.whatsapp.net","name":"tiriginha","age":"39","time":"05/04 23:12:31","serial":"06955454ef31c6ee1cc4"},{"id":"559193207343@s.whatsapp.net","name":"YURI","age":"40","time":"05/04 23:12:42","serial":"bafcc3b25bc5462bb881"},{"id":"557491342636@s.whatsapp.net","name":"Resen","age":"16","time":"05/04 23:29:58","serial":"e56a787ba8c7bb989072"},{"id":"556181333125@s.whatsapp.net","name":"dark meter","age":"20","time":"05/04 23:33:01","serial":"49eb8cfd8ce00d68329a"},{"id":"558892775118@s.whatsapp.net","name":"kabuto","age":"20","time":"05/04 23:33:27","serial":"6e37ca59d175536f0a7b"},{"id":"557399213736@s.whatsapp.net","name":"Rick","age":"15","time":"06/04 00:17:44","serial":"67b09c87076511c4f741"},{"id":"994403403196@s.whatsapp.net","name":"joao","age":"18","time":"06/04 01:01:08","serial":"268594f0436a016b6df7"},{"id":"12232143106@s.whatsapp.net","name":"ADM","age":"17","time":"06/04 16:32:51","serial":"22a189e3bce5d042ee74"},{"id":"5522998484891@s.whatsapp.net","name":"Ismael","age":"17","time":"06/04 16:32:53","serial":"fe13a0de334f7fa2fce6"},{"id":"5511996886835@s.whatsapp.net","name":"Elly Gewson","age":"18","time":"06/04 16:39:59","serial":"84596b8ff62abc403946"},{"id":"5514998302102@s.whatsapp.net","name":"Rojão","age":"33","time":"06/04 18:28:17","serial":"aaadbc3c746a2338baad"},{"id":"5511952225182@s.whatsapp.net","name":"Abacato","age":"18","time":"06/04 18:29:21","serial":"7ff78707a52bb9863488"},{"id":"559981160911@s.whatsapp.net","name":"Daniel","age":"19","time":"06/04 21:43:25","serial":"fb63b5e19f0d947bb539"},{"id":"556599041595@s.whatsapp.net","name":"gabruele curur","age":"13","time":"06/04 21:49:41","serial":"601b68256ba97b41bdb1"},{"id":"557491973594@s.whatsapp.net","name":"Luciano","age":"19","time":"07/04 06:30:47","serial":"769d3cfbc489abff6ce8"},{"id":"556181316353@s.whatsapp.net","name":"CHOLLO","age":"16","time":"07/04 07:27:31","serial":"fa83b08c64b18b70ab07"},{"id":"13607225217@s.whatsapp.net","name":"OLD SPICE LENHA","age":"16","time":"07/04 08:16:47","serial":"fe2e020d4b55da9ff994"},{"id":"558282213538@s.whatsapp.net","name":"adolfho","age":"18","time":"07/04 09:32:12","serial":"629f20e299e4cb032019"},{"id":"554799087825@s.whatsapp.net","name":"Scheer3cm","age":"16","time":"07/04 09:33:36","serial":"718e3380050e82538271"},{"id":"554791563920@s.whatsapp.net","name":":ீ͜ৡৢ͜͡LÉO ⁰⁰³⛥⃟🥉","age":"33","time":"07/04 09:35:18","serial":"77eb84456505dec92c21"},{"id":"553888275222@s.whatsapp.net","name":"Italu","age":"17","time":"07/04 09:36:46","serial":"38bf4f7a6dd2f8ae8781"},{"id":"5519987249106@s.whatsapp.net","name":"zeus ofc","age":"16","time":"07/04 09:37:08","serial":"a4476b1eafb2ce9ee612"},{"id":"553491538109@s.whatsapp.net","name":"puta da tcw","age":"14","time":"07/04 09:42:21","serial":"f78284d572722a4038c7"},{"id":"558799390202@s.whatsapp.net","name":"lucazz shit","age":"14","time":"07/04 09:43:10","serial":"2a2e0a1ef86ce7bc2d58"},{"id":"556195662620@s.whatsapp.net","name":"jhon :p","age":"39","time":"07/04 10:27:55","serial":"6d3e9f200396b0f30a85"},{"id":"5518988190390@s.whatsapp.net","name":"Yuri","age":"16","time":"07/04 11:24:42","serial":"b2f300ef1994fcfe7c19"},{"id":"5511934910953@s.whatsapp.net","name":"Torun","age":"16","time":"07/04 11:25:26","serial":"bcc1228751745b0db13c"},{"id":"558288712580@s.whatsapp.net","name":"guilherme","age":"19","time":"07/04 19:03:26","serial":"12848c946edefbc31c3b"},{"id":"994405196159@s.whatsapp.net","name":"Elly Gewson","age":"18","time":"07/04 20:01:36","serial":"a5571958a0fea0243f22"},{"id":"554792030789@s.whatsapp.net","name":"Italu","age":"18","time":"07/04 20:03:56","serial":"666e5d6a94929af991f9"},{"id":"18164419551@s.whatsapp.net","name":"Italu","age":"18","time":"07/04 20:04:10","serial":"ab11384539f871f44458"},{"id":"558191663329@s.whatsapp.net","name":"Lucky","age":"19","time":"07/04 20:06:58","serial":"f014de76fbe16a4b6947"},{"id":"558881313196@s.whatsapp.net","name":"gustavo","age":"14","time":"07/04 20:16:35","serial":"d109a4feb602eaf30346"},{"id":"593967689722@s.whatsapp.net","name":"shan","age":"15","time":"07/04 20:21:46","serial":"1fb850ed6f867ed551bf"},{"id":"556596341093@s.whatsapp.net","name":"natan","age":"18","time":"07/04 20:30:59","serial":"17d15cbd249ade33a9d3"},{"id":"556192827345@s.whatsapp.net","name":"Wagner","age":"20","time":"07/04 20:32:58","serial":"e91f31ad00c5743c7e60"},{"id":"558781063120@s.whatsapp.net","name":"TioCoronaDaPikaPreta","age":"40","time":"07/04 20:35:05","serial":"1e4a20a3542bb7fc9d75"},{"id":"559882245181@s.whatsapp.net","name":"indya_tete","age":"17","time":"07/04 20:52:07","serial":"e0b9ce93a91c3b6c586d"},{"id":"559299711158@s.whatsapp.net","name":"fernando","age":"14","time":"07/04 21:06:14","serial":"a1dc5fbf49a9e453c235"},{"id":"558899373839@s.whatsapp.net","name":"Italu","age":"18","time":"07/04 21:44:28","serial":"c18430272608ee5b80f9"},{"id":"558187429996@s.whatsapp.net","name":"marcão","age":"15","time":"07/04 22:32:27","serial":"0bd8b87c3de4f6a15c51"},{"id":"558496058313@s.whatsapp.net","name":"cu","age":"39","time":"07/04 22:32:35","serial":"8afe409f0e6b4d3dbc9b"},{"id":"558597369478@s.whatsapp.net","name":"Dio","age":"19","time":"07/04 22:33:12","serial":"d6f40beff1190877ee72"},{"id":"556499748731@s.whatsapp.net","name":"kauan","age":"15","time":"07/04 22:46:53","serial":"867bfd0bcc8991fa7af2"},{"id":"5513997466867@s.whatsapp.net","name":"skolpee","age":"18","time":"07/04 22:50:42","serial":"a0126d5f2f7b4edc98aa"},{"id":"5513997036941@s.whatsapp.net","name":"ඞ","age":"39","time":"07/04 22:53:29","serial":"14a931be7f8aeeb8b566"},{"id":"554185043712@s.whatsapp.net","name":"kaue","age":"19","time":"07/04 23:21:30","serial":"66b8c0b0ad96873d2a29"},{"id":"5522997172701@s.whatsapp.net","name":"cleberson","age":"39","time":"07/04 23:21:43","serial":"55cc034f3b0e5b00fe70"},{"id":"5514997461462@s.whatsapp.net","name":"vitor","age":"13","time":"07/04 23:27:00","serial":"0d48725e8d605496dc23"},{"id":"5511974623478@s.whatsapp.net","name":"seu nome sad ","age":"14","time":"07/04 23:27:38","serial":"34798405ed24d0eb6622"},{"id":"5511944834153@s.whatsapp.net","name":"meu nome tiudark ","age":"14","time":"07/04 23:28:16","serial":"7c2fe8a6a6c458077eab"},{"id":"556185738473@s.whatsapp.net","name":"pirokudo","age":"16","time":"07/04 23:29:58","serial":"daeeaed7931630effc9c"},{"id":"556194659989@s.whatsapp.net","name":"icaro","age":"40","time":"07/04 23:50:54","serial":"77a724c625c79a5f47de"},{"id":"556196534037@s.whatsapp.net","name":"sekil","age":"20","time":"08/04 00:03:43","serial":"e1eb805f962ff032f8d7"},{"id":"5521968510222@s.whatsapp.net","name":"⏤͟͞Ƙ𝜟𝜟𝙔 𝜣𝑭 𝜯𝑪𝑾 ⛥⃟🇦🇷ᴬˡʸ ˢᶜʷ","age":"14","time":"08/04 00:36:58","serial":"9deffc2ad2288be19213"},{"id":"555194794612@s.whatsapp.net","name":"alan","age":"16","time":"08/04 00:38:01","serial":"d458b4c0d0ff80fc21e4"},{"id":"556796684886@s.whatsapp.net","name":"Luiz","age":"17","time":"08/04 00:57:45","serial":"bf8894ef3e76b93f0c53"},{"id":"5521975372066@s.whatsapp.net","name":"LUKZ","age":"39","time":"08/04 00:59:10","serial":"19906a72fdbc42524b23"},{"id":"5521990712279@s.whatsapp.net","name":"forevin ","age":" 17","time":"08/04 03:12:47","serial":"52bf88b4a3495b4d694d"},{"id":"553788125096@s.whatsapp.net","name":"duenti","age":"18","time":"08/04 03:17:00","serial":"42b0ca29914239a8c721"},{"id":"13658055709@s.whatsapp.net","name":"dino 2","age":"12","time":"08/04 03:23:28","serial":"a10185c0fd2a7371b9b9"},{"id":"393500470360@s.whatsapp.net","name":"ElPepe","age":"18","time":"08/04 03:27:31","serial":"91ade9f6d131d1e4e7f4"},{"id":"994405172405@s.whatsapp.net","name":"Sadzin","age":"34","time":"08/04 03:34:16","serial":"1fd6199122a3388304a0"},{"id":"559882819567@s.whatsapp.net","name":"Lipe","age":"16","time":"08/04 09:13:09","serial":"4e3ce35b0910e98e6ee3"},{"id":"558181014045@s.whatsapp.net","name":"Emmy","age":"16","time":"08/04 10:45:12","serial":"19dddf9438108369ed10"},{"id":"553897349613@s.whatsapp.net","name":"Dolly","age":"17","time":"08/04 10:55:20","serial":"a740ccd94194741f191b"},{"id":"5527996125235@s.whatsapp.net","name":"tetê","age":"16","time":"08/04 11:05:48","serial":"bbb1626a1717ea702c89"},{"id":"557183946449@s.whatsapp.net","name":"—͟͟͞͞𝙎𝙃͢𝘼𝘿𝚯͢𝙒 𝚯͢𝙁 𝙀𝘿𝙄͢𝙏 ⚚","age":" 17","time":"08/04 11:51:02","serial":"3fc46f4a591ea31050c8"},{"id":"5511988214799@s.whatsapp.net","name":"jorge","age":"18","time":"08/04 12:17:56","serial":"270a376a0c08b7dc571e"},{"id":"559891673527@s.whatsapp.net","name":"Marcos","age":"15","time":"08/04 12:21:13","serial":"d329bbe32cc34af76d36"},{"id":"556799364659@s.whatsapp.net","name":"Xanpisu","age":"15","time":"08/04 16:31:38","serial":"47288371dd6c68c3bde2"},{"id":"556799232905@s.whatsapp.net","name":"Joãozinho mastiga litro","age":"29","time":"08/04 16:31:54","serial":"0c2b659cfdbd5303692b"},{"id":"556798889565@s.whatsapp.net","name":"Nyx","age":"14","time":"08/04 16:33:40","serial":"a94a23b92af6142244b3"},{"id":"556791178604@s.whatsapp.net","name":"registrar Jão do Pneu","age":"15","time":"08/04 16:34:44","serial":"fdd8495f4690f61a2bc4"},{"id":"5511985918110@s.whatsapp.net","name":"Arthur","age":"19","time":"08/04 19:21:50","serial":"43c9d7fac6491659225e"},{"id":"5513998005636@s.whatsapp.net","name":"Atentado","age":"16","time":"08/04 21:02:46","serial":"29612106fc660b201805"},{"id":"5511965284517@s.whatsapp.net","name":"FelipinZL","age":"17","time":"08/04 21:09:57","serial":"f40759216882db6526fb"},{"id":"557188517958@s.whatsapp.net","name":"Kauã","age":"15","time":"08/04 21:12:35","serial":"5f8d22b3e5d5a8089566"},{"id":"5521989569973@s.whatsapp.net","name":"kaiky","age":"16","time":"08/04 22:05:08","serial":"dc296bab43c968df5296"},{"id":"553182364479@s.whatsapp.net","name":"JOSÉ MARMITA","age":"31","time":"08/04 22:05:14","serial":"d0b499380feb7c2cd695"},{"id":"556796055672@s.whatsapp.net","name":"Kirito","age":"14","time":"09/04 17:58:45","serial":"99996c935c6ff59aa629"},{"id":"553799933172@s.whatsapp.net","name":"Lucas","age":"20","time":"09/04 18:09:57","serial":"1e18bc15e0e5027dd25c"},{"id":"558498651389@s.whatsapp.net","name":"tacy","age":"15","time":"09/04 19:16:27","serial":"0715431aefe918780c75"},{"id":"557491378211@s.whatsapp.net","name":"George","age":"18","time":"09/04 19:18:49","serial":"e62c09b3b992c2ad801e"},{"id":"558293952298@s.whatsapp.net","name":"Caua","age":"18","time":"09/04 19:21:09","serial":"80beef7cc14eff37c1d7"},{"id":"557388043689@s.whatsapp.net","name":"robertindagrota","age":"12","time":"09/04 19:21:16","serial":"8eefa412738d9922d673"},{"id":"557791294343@s.whatsapp.net","name":"joao","age":"13","time":"09/04 19:21:34","serial":"0baa7be0c5a5e148fb05"},{"id":"556292491625@s.whatsapp.net","name":"luixx","age":"16","time":"09/04 19:22:38","serial":"8e2afa314f490c7b95e0"},{"id":"558582028590@s.whatsapp.net","name":"yuri","age":"39","time":"09/04 19:23:04","serial":"b6517de891541c522dad"},{"id":"553884368711@s.whatsapp.net","name":"cu","age":"16","time":"09/04 22:27:53","serial":"7546c209dc187bd23b42"},{"id":"5515988112386@s.whatsapp.net","name":"Italu","age":"18","time":"09/04 22:33:58","serial":"71412a04808d2365a1f7"},{"id":"5515996896734@s.whatsapp.net","name":"Henrique","age":"18","time":"09/04 22:38:45","serial":"be38d015cb254599ac92"},{"id":"5513981062512@s.whatsapp.net","name":"comedor_de_trap","age":"14","time":"09/04 22:41:50","serial":"cc50716441613aa8e217"},{"id":"5511962163969@s.whatsapp.net","name":"Lia","age":"16","time":"09/04 23:46:21","serial":"b3aee23176c63c9fc9f7"},{"id":"558881908234@s.whatsapp.net","name":"Gabriel","age":"19","time":"09/04 23:46:45","serial":"b14cd04f5857937c2dfb"},{"id":"5511949564571@s.whatsapp.net","name":"Lucas Mutano","age":"18","time":"09/04 23:52:15","serial":"f4b234d67b624b4de264"},{"id":"5521972118674@s.whatsapp.net","name":"JUJUBINHA","age":"19","time":"10/04 00:04:06","serial":"8faa72a38c30e40981bc"},{"id":"558196543988@s.whatsapp.net","name":"neto","age":"40","time":"10/04 00:04:14","serial":"af424ae85f59650683b7"},{"id":"557381044096@s.whatsapp.net","name":"knosh","age":"16","time":"10/04 01:00:16","serial":"d792258c1596d60e5822"},{"id":"557999547397@s.whatsapp.net","name":"Polar","age":"19","time":"10/04 09:46:50","serial":"6299138d18d5dcce8746"},{"id":"553284577063@s.whatsapp.net","name":"Biel","age":"35","time":"10/04 09:49:07","serial":"6e4abc9ec1e3d4159665"},{"id":"5512996859856@s.whatsapp.net","name":"𝕮𝖑𝖆𝖟𝖎𝖓𝖍𝖆 𝖉𝖔 𝕸𝖆𝖑 ","age":" 18","time":"10/04 19:19:36","serial":"d23a1de559eba7d18bcf"},{"id":"554791367659@s.whatsapp.net","name":"rick lee","age":"14","time":"10/04 19:41:33","serial":"1f08a7d73a04b1a14b91"},{"id":"556791637666@s.whatsapp.net","name":"loop","age":"14","time":"10/04 20:24:21","serial":"26be0c11d3060242601f"},{"id":"5522997290359@s.whatsapp.net","name":"antonieta","age":"14","time":"10/04 20:24:29","serial":"7e43d8f54f771593a415"},{"id":"558592242451@s.whatsapp.net","name":"tick","age":"40","time":"10/04 21:11:35","serial":"7d2398d9e77b813c6463"},{"id":"559887852944@s.whatsapp.net","name":"seu Thomas","age":"21","time":"10/04 21:12:36","serial":"42f57568b3d474359985"},{"id":"554891170888@s.whatsapp.net","name":"Guuh","age":"16","time":"10/04 21:16:59","serial":"f73f8d64fd9ee1d558c5"},{"id":"556193663178@s.whatsapp.net","name":"isaac gp","age":" 15","time":"10/04 21:34:23","serial":"646080bf04af63cb496f"},{"id":"553399106296@s.whatsapp.net","name":"lee ","age":"19","time":"11/04 18:06:57","serial":"3e63ad789cf45995891f"},{"id":"5513991153692@s.whatsapp.net","name":"Leone","age":"15","time":"11/04 18:54:59","serial":"d5d0906f94a3d6c71d2c"},{"id":"559984975312@s.whatsapp.net","name":"kauan","age":"16","time":"11/04 18:55:03","serial":"9d736dda1685c9d05b93"},{"id":"5524998837797@s.whatsapp.net","name":"Felilipe","age":"19","time":"11/04 20:13:59","serial":"f792803f1828ffef0616"},{"id":"5512996431625@s.whatsapp.net","name":"yuko","age":"15","time":"11/04 22:20:53","serial":"b202ba10d84a2197a311"},{"id":"5518988059781@s.whatsapp.net","name":"Charlotte katakuri","age":"23","time":"12/04 01:42:30","serial":"d2bfcfdc4214ac2abfe6"},{"id":"5511988428834@s.whatsapp.net","name":"hioda","age":"17","time":"12/04 01:54:38","serial":"ec0434a52dc91d0a2896"},{"id":"556892813274@s.whatsapp.net","name":"João ","age":" 18","time":"12/04 02:51:21","serial":"ec7de331c17e9a349362"},{"id":"16029468212@s.whatsapp.net","name":"ᗪℜᏩ","age":"15","time":"24/04 22:44:45","serial":"27338af2ebadb208784d"},{"id":"558299815726@s.whatsapp.net","name":"six","age":"16","time":"24/04 22:45:29","serial":"b7f939135728dad2b59d"},{"id":"553499724023@s.whatsapp.net","name":"𝙎𝗹𝙮𝗽𝙯𝗶𝙣𝙣ᵉˢᵠᵘᵉⁿᵗᵃ ᵘᵗᵉʳᵒ","age":"16","time":"24/04 22:46:13","serial":"4e917c50c27bab534412"},{"id":"5521971564051@s.whatsapp.net","name":"Siqueira","age":"18","time":"24/04 22:46:23","serial":"2e277a797a9312055805"},{"id":"554999247814@s.whatsapp.net","name":"𝙎𝗹𝙮𝗽𝙯𝗶𝙣𝙣ᵉˢᵠᵘᵉⁿᵗᵃ ᵘᵗᵉʳᵒ","age":"16","time":"24/04 22:47:02","serial":"b0496ed4a2aaaee2eb01"},{"id":"559181194894@s.whatsapp.net","name":"SamuhX","age":"15","time":"24/04 22:47:45","serial":"0e7a87afec6b0f72128c"},{"id":"559284401428@s.whatsapp.net","name":"SHOST ","age":" 15","time":"26/04 19:02:41","serial":"43c4d171653351cfdc95"},{"id":"559985189981@s.whatsapp.net","name":"pedojunio","age":"17","time":"27/04 21:28:21","serial":"a8582131cf998cffb23a"},{"id":"557788396517@s.whatsapp.net","name":"Christian","age":"18","time":"27/04 21:46:58","serial":"94c23dbd90fbd0c24824"},{"id":"559492129245@s.whatsapp.net","name":"karka","age":"40","time":"27/04 21:50:35","serial":"543a759a9e991c20d96e"},{"id":"559499802405@s.whatsapp.net","name":"Gab","age":"15","time":"28/04 08:56:51","serial":"297ae45d0be329764c04"},{"id":"5511976253918@s.whatsapp.net","name":"italu","age":"40","time":"28/04 16:24:29","serial":"4f665958d810b8fe7b5d"},{"id":"559499030539@s.whatsapp.net","name":"wema","age":"16","time":"28/04 19:01:45","serial":"29d0fcf271fcbacfbe28"},{"id":"559285330008@s.whatsapp.net","name":"wendell","age":"17","time":"28/04 19:03:48","serial":"ce218e7643bda026a8e4"},{"id":"558381079137@s.whatsapp.net","name":"THEUS","age":"15","time":"28/04 19:41:08","serial":"b16a3e186b6592d77e55"},{"id":"5511952337205@s.whatsapp.net","name":"Lipe","age":"17","time":"28/04 23:25:43","serial":"75821f217cefa8f6f15c"},{"id":"558589614500@s.whatsapp.net","name":"cl","age":"16","time":"28/04 23:26:09","serial":"46481d28b60e216ade37"},{"id":"558192682105@s.whatsapp.net","name":"cl","age":"16","time":"28/04 23:35:39","serial":"5957ed227d8446760fb7"},{"id":"553196298617@s.whatsapp.net","name":"Brenda","age":"14","time":"29/04 02:21:58","serial":"0e8281041bab1390a020"},{"id":"5511965793391@s.whatsapp.net","name":"Lis","age":"15","time":"29/04 02:26:15","serial":"83509b0666fb538a747c"},{"id":"555199605800@s.whatsapp.net","name":"Natália","age":"14","time":"29/04 02:26:38","serial":"7070e45ff19732f43a4f"},{"id":"558193627089@s.whatsapp.net","name":"Natan","age":"20","time":"29/04 02:27:28","serial":"d8200c41118207ae236c"},{"id":"557781623101@s.whatsapp.net","name":"Christian","age":"19","time":"29/04 02:28:33","serial":"25e8aebab02713644de4"},{"id":"558386705673@s.whatsapp.net","name":"maxwel","age":"15","time":"29/04 02:30:18","serial":"e35c6a7b743373cc7aef"},{"id":"559886028307@s.whatsapp.net","name":"Luan","age":"18","time":"29/04 07:28:32","serial":"67895b3e5b1ab7509b47"},{"id":"5514997144095@s.whatsapp.net","name":"Marcão","age":"16","time":"29/04 11:12:53","serial":"38fa454c07a9c6a78660"},{"id":"553191898874@s.whatsapp.net","name":"andz","age":"16","time":"29/04 17:16:48","serial":"8a06b12c5eb6f767f6b6"},{"id":"553198841165@s.whatsapp.net","name":"WzModdz","age":"14","time":"29/04 17:20:46","serial":"e819e3b73f1bdc43d5ba"},{"id":"556599243319@s.whatsapp.net","name":"comedor de adm","age":"14","time":"30/04 01:42:58","serial":"af728c502a834fafec1b"},{"id":"5511968231217@s.whatsapp.net","name":"astro gay","age":"17","time":"30/04 01:48:18","serial":"627ff8a1a8c892d0f841"},{"id":"559198247412@s.whatsapp.net","name":"xxxtentacion","age":"15","time":"30/04 07:24:45","serial":"4166cab48fafb5276465"},{"id":"19204136781@s.whatsapp.net","name":"Braia","age":"16","time":"30/04 10:37:38","serial":"ddf0c3c5a0f32802a21b"},{"id":"555191695396@s.whatsapp.net","name":"lkzin","age":"15","time":"30/04 11:56:57","serial":"147db7528cca8054a86a"},{"id":"556784442945@s.whatsapp.net","name":"noturno","age":"17","time":"30/04 12:00:33","serial":"0216b7e9a799c0d4f317"},{"id":"556391136755@s.whatsapp.net","name":"Mikael_137","age":"20","time":"30/04 12:26:40","serial":"0fe82d04873054f4e513"},{"id":"558496102167@s.whatsapp.net","name":"Vitor","age":"16","time":"30/04 14:00:35","serial":"8d767f78431a245d9da7"},{"id":"553599351653@s.whatsapp.net","name":"davi","age":"16","time":"30/04 14:26:49","serial":"d985cb7baa7bd291d4c6"},{"id":"557999848556@s.whatsapp.net","name":"hahaha","age":"40","time":"30/04 23:27:41","serial":"7e46eca4a0e7c44038c2"},{"id":"15753299353@s.whatsapp.net","name":"gugu","age":"20","time":"30/04 23:29:35","serial":"8a44687607487a652c27"},{"id":"557499739922@s.whatsapp.net","name":"teste","age":"18","time":"01/05 06:42:29","serial":"82c00c8fe2581c142489"},{"id":"5511987132969@s.whatsapp.net","name":"maask","age":"14","time":"01/05 22:31:37","serial":"49061ca4640f424910af"},{"id":"557598843528@s.whatsapp.net","name":"☞⃢፝⃟🔥𝐓𝐈𝐎⸸𝐁𝐀𝐍⃞ ★᭄⃟⃟⃟⃟⃚☜⃢🖤","age":"18","time":"02/05 00:06:57","serial":"831d2dfa22a9581c49cc"},{"id":"559591470743@s.whatsapp.net","name":"derick","age":"16","time":"02/05 16:43:15","serial":"37af6d7f71a05cd6ec96"},{"id":"994405205938@s.whatsapp.net","name":"BRAKE","age":"19","time":"02/05 17:46:05","serial":"92209b32eede32f497a2"},{"id":"34623156209@s.whatsapp.net","name":"charles","age":"15","time":"03/05 12:45:33","serial":"0672983afca329820884"},{"id":"34623156209@s.whatsapp.net","name":"charles","age":"15","time":"03/05 12:45:33","serial":"dcf1ecdecdf7778fe8e9"},{"id":"34623156209@s.whatsapp.net","name":"charles","age":"15","time":"03/05 12:45:33","serial":"e5993283f45c07218ca1"},{"id":"553484242788@s.whatsapp.net","name":"Anna","age":"16","time":"03/05 16:36:29","serial":"15b3abd300c3c96a2082"},{"id":"5516994531496@s.whatsapp.net","name":"Danilo","age":"16","time":"03/05 16:36:32","serial":"b1722072e6250d33d345"},{"id":"5511983462347@s.whatsapp.net","name":"Thiago","age":"15","time":"03/05 16:38:07","serial":"d045c95ba37e6df76583"},{"id":"5524993214024@s.whatsapp.net","name":"Lucas","age":"16","time":"03/05 16:42:33","serial":"1593cdd2862e20bdfce6"},{"id":"34631243339@s.whatsapp.net","name":"ayoub","age":"16","time":"03/05 18:16:24","serial":"649c210746bb19919a5b"},{"id":"556399344020@s.whatsapp.net","name":"isah","age":"13","time":"03/05 23:59:04","serial":"4f3d55baff6d80c65808"},{"id":"557499258115@s.whatsapp.net","name":"Gabriel","age":" 13","time":"04/05 01:27:12","serial":"d135039ee06abdc13432"},{"id":"556182936699@s.whatsapp.net","name":"Cj","age":"18","time":"04/05 13:07:45","serial":"c6cfc2aaf0b7764eb31c"},{"id":"558781127319@s.whatsapp.net","name":"Evelyn","age":"14","time":"04/05 15:48:13","serial":"2e16071b9b3b80fee708"},{"id":"553588325723@s.whatsapp.net","name":"Gabriel","age":"16","time":"04/05 22:29:11","serial":"b6ecfe8f1e266f0211fe"},{"id":"5528999933893@s.whatsapp.net","name":"7porcelanas","age":"17","time":"04/05 22:52:27","serial":"f5d3afd1d5987d9d4a17"}]