[{"id":"557499510904@s.whatsapp.net","uang":1466039},{"id":"558186104986@s.whatsapp.net","uang":850900},{"id":"559885376495@s.whatsapp.net","uang":793947},{"id":"5511987723399@s.whatsapp.net","uang":413102},{"id":"554791563920@s.whatsapp.net","uang":464709},{"id":"5511962163969@s.whatsapp.net","uang":960682},{"id":"5518988190390@s.whatsapp.net","uang":303031},{"id":"5511952225182@s.whatsapp.net","uang":50273},{"id":"559187285964@s.whatsapp.net","uang":419167},{"id":"557381044096@s.whatsapp.net","uang":202134},{"id":"554291047038@s.whatsapp.net","uang":151820},{"id":"555192626625@s.whatsapp.net","uang":92956},{"id":"557491342636@s.whatsapp.net","uang":29679},{"id":"5511946264844@s.whatsapp.net","uang":340773},{"id":"5511970335896@s.whatsapp.net","uang":60015},{"id":"556799232905@s.whatsapp.net","uang":119455},{"id":"5521972118674@s.whatsapp.net","uang":171400},{"id":"556798889565@s.whatsapp.net","uang":325904},{"id":"5511946123724@s.whatsapp.net","uang":396376},{"id":"13607225217@s.whatsapp.net","uang":123240},{"id":"5524992022231@s.whatsapp.net","uang":47604},{"id":"5514998302102@s.whatsapp.net","uang":79915},{"id":"558582028590@s.whatsapp.net","uang":73044},{"id":"556181333125@s.whatsapp.net","uang":51044},{"id":"554187398527@s.whatsapp.net","uang":159906},{"id":"553884368711@s.whatsapp.net","uang":83089},{"id":"558781063120@s.whatsapp.net","uang":32307},{"id":"555194794612@s.whatsapp.net","uang":63695},{"id":"994403403196@s.whatsapp.net","uang":20004},{"id":"556194610175@s.whatsapp.net","uang":99487},{"id":"556798199272@s.whatsapp.net","uang":147597},{"id":"553788125096@s.whatsapp.net","uang":29387},{"id":"18164419551@s.whatsapp.net","uang":14421},{"id":"556194659989@s.whatsapp.net","uang":12847},{"id":"553897349613@s.whatsapp.net","uang":28106},{"id":"556798070389@s.whatsapp.net","uang":109456},{"id":"12232143106@s.whatsapp.net","uang":93620},{"id":"556292491625@s.whatsapp.net","uang":20604},{"id":"558187429996@s.whatsapp.net","uang":67502},{"id":"556195662620@s.whatsapp.net","uang":27555},{"id":"558592242451@s.whatsapp.net","uang":320191},{"id":"556892813274@s.whatsapp.net","uang":18501},{"id":"5511944834153@s.whatsapp.net","uang":9534},{"id":"556791178604@s.whatsapp.net","uang":195616},{"id":"557388043689@s.whatsapp.net","uang":16342},{"id":"558187330723@s.whatsapp.net","uang":8241},{"id":"557988124926@s.whatsapp.net","uang":8195},{"id":"552899026818@s.whatsapp.net","uang":167187},{"id":"556295620702@s.whatsapp.net","uang":174081},{"id":"557186800507@s.whatsapp.net","uang":47520},{"id":"553891355119@s.whatsapp.net","uang":62649},{"id":"558496058313@s.whatsapp.net","uang":8872},{"id":"5511974623478@s.whatsapp.net","uang":31893},{"id":"5511953719257@s.whatsapp.net","uang":37684},{"id":"553284577063@s.whatsapp.net","uang":6518},{"id":"554891233097@s.whatsapp.net","uang":7266},{"id":"5511934910953@s.whatsapp.net","uang":192503},{"id":"13658055709@s.whatsapp.net","uang":6573},{"id":"556592162838@s.whatsapp.net","uang":9641},{"id":"559887852944@s.whatsapp.net","uang":16778},{"id":"5579920018651@s.whatsapp.net","uang":28349},{"id":"5511975061776@s.whatsapp.net","uang":31227},{"id":"557791294343@s.whatsapp.net","uang":5477},{"id":"556281480681@s.whatsapp.net","uang":7827},{"id":"557183946449@s.whatsapp.net","uang":13967},{"id":"558288712580@s.whatsapp.net","uang":14976},{"id":"5518988059781@s.whatsapp.net","uang":113023},{"id":"19294694058@s.whatsapp.net","uang":17016},{"id":"994408440040@s.whatsapp.net","uang":21276},{"id":"5521975372066@s.whatsapp.net","uang":23387},{"id":"5522998928976@s.whatsapp.net","uang":12577},{"id":"5511959783616@s.whatsapp.net","uang":4609},{"id":"5513991153692@s.whatsapp.net","uang":87738},{"id":"556796055672@s.whatsapp.net","uang":88752},{"id":"558181014045@s.whatsapp.net","uang":10311},{"id":"5511996886835@s.whatsapp.net","uang":4077},{"id":"557999547397@s.whatsapp.net","uang":10606},{"id":"5527996125235@s.whatsapp.net","uang":87971},{"id":"558191663329@s.whatsapp.net","uang":3887},{"id":"559882245181@s.whatsapp.net","uang":3851},{"id":"558386825084@s.whatsapp.net","uang":78262},{"id":"558196543988@s.whatsapp.net","uang":6199},{"id":"5514997461462@s.whatsapp.net","uang":7869},{"id":"994405172405@s.whatsapp.net","uang":3664},{"id":"5519992413086@s.whatsapp.net","uang":76806},{"id":"17177228796@s.whatsapp.net","uang":3704},{"id":"559882819567@s.whatsapp.net","uang":3211},{"id":"553491538109@s.whatsapp.net","uang":7865},{"id":"556192827345@s.whatsapp.net","uang":12862},{"id":"5522998484891@s.whatsapp.net","uang":3098},{"id":"558597369478@s.whatsapp.net","uang":15943},{"id":"5528999288782@s.whatsapp.net","uang":15409},{"id":"557588076270@s.whatsapp.net","uang":12836},{"id":"556799364659@s.whatsapp.net","uang":68959},{"id":"5521968510222@s.whatsapp.net","uang":2625},{"id":"556592353141@s.whatsapp.net","uang":9248},{"id":"558481182829@s.whatsapp.net","uang":9073},{"id":"553182364479@s.whatsapp.net","uang":51297},{"id":"554185043712@s.whatsapp.net","uang":6133},{"id":"554799087825@s.whatsapp.net","uang":8436},{"id":"558498651389@s.whatsapp.net","uang":2063},{"id":"554598119500@s.whatsapp.net","uang":58407},{"id":"555182803767@s.whatsapp.net","uang":4552},{"id":"5519991489172@s.whatsapp.net","uang":29729},{"id":"5511969983625@s.whatsapp.net","uang":15895},{"id":"559885913811@s.whatsapp.net","uang":1711},{"id":"559991102956@s.whatsapp.net","uang":2088},{"id":"556599041595@s.whatsapp.net","uang":2564},{"id":"593967689722@s.whatsapp.net","uang":1705},{"id":"5561920054806@s.whatsapp.net","uang":1699},{"id":"556592013876@s.whatsapp.net","uang":29932},{"id":"556791033779@s.whatsapp.net","uang":1619},{"id":"5515996078694@s.whatsapp.net","uang":6038},{"id":"558396889103@s.whatsapp.net","uang":1605},{"id":"5511967862198@s.whatsapp.net","uang":1603},{"id":"554399047956@s.whatsapp.net","uang":7482},{"id":"5528999963320@s.whatsapp.net","uang":1522},{"id":"558585036443@s.whatsapp.net","uang":2731},{"id":"558791279468@s.whatsapp.net","uang":1426},{"id":"5511965284517@s.whatsapp.net","uang":1426},{"id":"558592229785@s.whatsapp.net","uang":9356},{"id":"558899373839@s.whatsapp.net","uang":9373},{"id":"5521990712279@s.whatsapp.net","uang":2656},{"id":"559884865637@s.whatsapp.net","uang":1241},{"id":"5512996859856@s.whatsapp.net","uang":1239},{"id":"558799390202@s.whatsapp.net","uang":4710},{"id":"557588156042@s.whatsapp.net","uang":5598},{"id":"558881313196@s.whatsapp.net","uang":1225},{"id":"15139872981@s.whatsapp.net","uang":1141},{"id":"558184898308@s.whatsapp.net","uang":45075},{"id":"559193207343@s.whatsapp.net","uang":1047},{"id":"556193663178@s.whatsapp.net","uang":1040},{"id":"994405029329@s.whatsapp.net","uang":3198},{"id":"556185738473@s.whatsapp.net","uang":947},{"id":"5522997290359@s.whatsapp.net","uang":947},{"id":"553399106296@s.whatsapp.net","uang":946},{"id":"555597209296@s.whatsapp.net","uang":148850},{"id":"554891486150@s.whatsapp.net","uang":959},{"id":"393500470360@s.whatsapp.net","uang":863},{"id":"557188517958@s.whatsapp.net","uang":853},{"id":"557491378211@s.whatsapp.net","uang":3795},{"id":"556592907161@s.whatsapp.net","uang":1051},{"id":"5521981312790@s.whatsapp.net","uang":758},{"id":"556499748731@s.whatsapp.net","uang":1053},{"id":"5511985918110@s.whatsapp.net","uang":3034},{"id":"559984975312@s.whatsapp.net","uang":1424},{"id":"557183518183@s.whatsapp.net","uang":749},{"id":"554599274904@s.whatsapp.net","uang":671},{"id":"559885600006@s.whatsapp.net","uang":6398},{"id":"5515988112386@s.whatsapp.net","uang":662},{"id":"558293952298@s.whatsapp.net","uang":20104},{"id":"558881908234@s.whatsapp.net","uang":655},{"id":"556796684886@s.whatsapp.net","uang":574},{"id":"554792030789@s.whatsapp.net","uang":2732},{"id":"5513981062512@s.whatsapp.net","uang":16337},{"id":"559891673527@s.whatsapp.net","uang":479},{"id":"554891170888@s.whatsapp.net","uang":13429},{"id":"5522997172701@s.whatsapp.net","uang":462},{"id":"5513998005636@s.whatsapp.net","uang":384},{"id":"5524998837797@s.whatsapp.net","uang":3150},{"id":"5513997466867@s.whatsapp.net","uang":382},{"id":"5522999186083@s.whatsapp.net","uang":1990},{"id":"559299711158@s.whatsapp.net","uang":374},{"id":"5511988428834@s.whatsapp.net","uang":14578},{"id":"557491973594@s.whatsapp.net","uang":291},{"id":"555185383312@s.whatsapp.net","uang":944},{"id":"5512996431625@s.whatsapp.net","uang":287},{"id":"559984913466@s.whatsapp.net","uang":1499},{"id":"5521989569973@s.whatsapp.net","uang":282},{"id":"5515996896734@s.whatsapp.net","uang":282},{"id":"556196534037@s.whatsapp.net","uang":280},{"id":"556283374286@s.whatsapp.net","uang":193},{"id":"5519992333213@s.whatsapp.net","uang":6688},{"id":"5511949564571@s.whatsapp.net","uang":480},{"id":"557398246394@s.whatsapp.net","uang":20532},{"id":"5513997036941@s.whatsapp.net","uang":186},{"id":"558695847695@s.whatsapp.net","uang":197},{"id":"5511988214799@s.whatsapp.net","uang":98},{"id":"553888275222@s.whatsapp.net","uang":279},{"id":"556181316353@s.whatsapp.net","uang":92},{"id":"556791637666@s.whatsapp.net","uang":92},{"id":"556596341093@s.whatsapp.net","uang":185},{"id":"5511948056676@s.whatsapp.net","uang":91},{"id":"994405196159@s.whatsapp.net","uang":0},{"id":"559891049597@s.whatsapp.net","uang":1126},{"id":"557398337702@s.whatsapp.net","uang":7059},{"id":"351962818284@s.whatsapp.net","uang":88817},{"id":"554198148049@s.whatsapp.net","uang":9399},{"id":"555199373261@s.whatsapp.net","uang":11487},{"id":"13607616234@s.whatsapp.net","uang":70527},{"id":"553587034271@s.whatsapp.net","uang":1599},{"id":"5511958246288@s.whatsapp.net","uang":289},{"id":"18315340628@s.whatsapp.net","uang":132211},{"id":"559492174522@s.whatsapp.net","uang":194},{"id":"556996009880@s.whatsapp.net","uang":190},{"id":"553195010133@s.whatsapp.net","uang":288},{"id":"559291311688@s.whatsapp.net","uang":95},{"id":"559484302197@s.whatsapp.net","uang":752},{"id":"558398951323@s.whatsapp.net","uang":6633},{"id":"556499397845@s.whatsapp.net","uang":5204},{"id":"554792656035@s.whatsapp.net","uang":1517},{"id":"17376184858@s.whatsapp.net","uang":5202},{"id":"553899081260@s.whatsapp.net","uang":11892},{"id":"559188678857@s.whatsapp.net","uang":2541},{"id":"559196153526@s.whatsapp.net","uang":91},{"id":"553189723769@s.whatsapp.net","uang":95},{"id":"5514997144095@s.whatsapp.net","uang":119926},{"id":"554195060328@s.whatsapp.net","uang":92},{"id":"557798699547@s.whatsapp.net","uang":1506},{"id":"12705607914@s.whatsapp.net","uang":11542},{"id":"556284458875@s.whatsapp.net","uang":5731},{"id":"556596254590@s.whatsapp.net","uang":16941},{"id":"555196471530@s.whatsapp.net","uang":155995},{"id":"559884955597@s.whatsapp.net","uang":845},{"id":"5511910575987@s.whatsapp.net","uang":66107},{"id":"558387774038@s.whatsapp.net","uang":374},{"id":"5511958441620@s.whatsapp.net","uang":9976},{"id":"558293895881@s.whatsapp.net","uang":160954},{"id":"558196377277@s.whatsapp.net","uang":1145},{"id":"553298314386@s.whatsapp.net","uang":97},{"id":"5519986001463@s.whatsapp.net","uang":1439},{"id":"554896766414@s.whatsapp.net","uang":3128},{"id":"558496999852@s.whatsapp.net","uang":31542},{"id":"559492257993@s.whatsapp.net","uang":8392},{"id":"556292663803@s.whatsapp.net","uang":13599},{"id":"5511945093057@s.whatsapp.net","uang":5986},{"id":"556399344020@s.whatsapp.net","uang":23711},{"id":"559184347758@s.whatsapp.net","uang":100713},{"id":"553171617459@s.whatsapp.net","uang":95},{"id":"556184628682@s.whatsapp.net","uang":5076},{"id":"553791720049@s.whatsapp.net","uang":5962},{"id":"5522992761253@s.whatsapp.net","uang":17604},{"id":"558193562610@s.whatsapp.net","uang":6485},{"id":"553799850281@s.whatsapp.net","uang":7245},{"id":"556296638900@s.whatsapp.net","uang":388958},{"id":"553498351420@s.whatsapp.net","uang":93},{"id":"13607175407@s.whatsapp.net","uang":951},{"id":"555198959362@s.whatsapp.net","uang":9470},{"id":"553388552193@s.whatsapp.net","uang":15460},{"id":"5516988719662@s.whatsapp.net","uang":2735},{"id":"557499258115@s.whatsapp.net","uang":80552},{"id":"19283923437@s.whatsapp.net","uang":370},{"id":"556593307461@s.whatsapp.net","uang":282},{"id":"556291332217@s.whatsapp.net","uang":836},{"id":"558888065786@s.whatsapp.net","uang":285},{"id":"5527997495825@s.whatsapp.net","uang":110845},{"id":"554991319698@s.whatsapp.net","uang":277},{"id":"558487463493@s.whatsapp.net","uang":194},{"id":"556392553646@s.whatsapp.net","uang":1701},{"id":"19253082965@s.whatsapp.net","uang":6226},{"id":"555499904746@s.whatsapp.net","uang":8400},{"id":"558999343742@s.whatsapp.net","uang":952},{"id":"558681400584@s.whatsapp.net","uang":477},{"id":"556874008325@s.whatsapp.net","uang":164638},{"id":"553185015324@s.whatsapp.net","uang":280},{"id":"554888703723@s.whatsapp.net","uang":3684},{"id":"553491929608@s.whatsapp.net","uang":90},{"id":"556992565543@s.whatsapp.net","uang":3401},{"id":"553197472776@s.whatsapp.net","uang":1425},{"id":"559282449591@s.whatsapp.net","uang":92},{"id":"557398090573@s.whatsapp.net","uang":94},{"id":"5528999152957@s.whatsapp.net","uang":98},{"id":"5511945081130@s.whatsapp.net","uang":196},{"id":"552189135728@s.whatsapp.net","uang":358341},{"id":"554396635786@s.whatsapp.net","uang":279},{"id":"555492458849@s.whatsapp.net","uang":732642},{"id":"553798717835@s.whatsapp.net","uang":378},{"id":"556781962515@s.whatsapp.net","uang":2659},{"id":"555185646243@s.whatsapp.net","uang":1619},{"id":"18312230926@s.whatsapp.net","uang":181923},{"id":"18258049015@s.whatsapp.net","uang":8110},{"id":"556784513478@s.whatsapp.net","uang":77491},{"id":"5524999975116@s.whatsapp.net","uang":98},{"id":"555192546195@s.whatsapp.net","uang":95},{"id":"5511911268821@s.whatsapp.net","uang":1885},{"id":"556295041414@s.whatsapp.net","uang":286},{"id":"555195937407@s.whatsapp.net","uang":45586},{"id":"557598919765@s.whatsapp.net","uang":1138},{"id":"5528988159428@s.whatsapp.net","uang":90},{"id":"558896074664@s.whatsapp.net","uang":945},{"id":"5515981096820@s.whatsapp.net","uang":40725},{"id":"18123736608@s.whatsapp.net","uang":3906},{"id":"553298183319@s.whatsapp.net","uang":435784},{"id":"14509144012@s.whatsapp.net","uang":16721},{"id":"558185586073@s.whatsapp.net","uang":5968},{"id":"558184095044@s.whatsapp.net","uang":3537},{"id":"5511945938394@s.whatsapp.net","uang":14294},{"id":"559491476075@s.whatsapp.net","uang":15569},{"id":"553499156111@s.whatsapp.net","uang":43137},{"id":"5511993560912@s.whatsapp.net","uang":26851},{"id":"5518997975308@s.whatsapp.net","uang":5086},{"id":"447593055723@s.whatsapp.net","uang":2481},{"id":"553498358952@s.whatsapp.net","uang":2070},{"id":"556791343773@s.whatsapp.net","uang":8166},{"id":"559591263131@s.whatsapp.net","uang":2445},{"id":"553598696508@s.whatsapp.net","uang":19344},{"id":"559491876711@s.whatsapp.net","uang":93},{"id":"557488469400@s.whatsapp.net","uang":94},{"id":"5511934112814@s.whatsapp.net","uang":1119},{"id":"558681541273@s.whatsapp.net","uang":92},{"id":"557388845535@s.whatsapp.net","uang":23040},{"id":"5511986121106@s.whatsapp.net","uang":99},{"id":"558496322807@s.whatsapp.net","uang":384},{"id":"555184142858@s.whatsapp.net","uang":41505},{"id":"558393979543@s.whatsapp.net","uang":9833},{"id":"5511968996033@s.whatsapp.net","uang":172666},{"id":"5511988465244@s.whatsapp.net","uang":27630},{"id":"556292859338@s.whatsapp.net","uang":2745},{"id":"556193845817@s.whatsapp.net","uang":13047},{"id":"557381035005@s.whatsapp.net","uang":3101},{"id":"559884527526@s.whatsapp.net","uang":2455},{"id":"553898143881@s.whatsapp.net","uang":6610},{"id":"553399282653@s.whatsapp.net","uang":849},{"id":"556892315337@s.whatsapp.net","uang":1343},{"id":"5514997745288@s.whatsapp.net","uang":5600},{"id":"553488723767@s.whatsapp.net","uang":280},{"id":"558994337664@s.whatsapp.net","uang":95},{"id":"559281704698@s.whatsapp.net","uang":858},{"id":"558694321879@s.whatsapp.net","uang":189},{"id":"5513996049868@s.whatsapp.net","uang":27154},{"id":"553171374123@s.whatsapp.net","uang":12228},{"id":"558184831641@s.whatsapp.net","uang":8554},{"id":"559191215909@s.whatsapp.net","uang":6135},{"id":"14355183474@s.whatsapp.net","uang":6556},{"id":"558192690877@s.whatsapp.net","uang":4732},{"id":"5511948433911@s.whatsapp.net","uang":8891},{"id":"558399177017@s.whatsapp.net","uang":285},{"id":"557981646970@s.whatsapp.net","uang":6914},{"id":"556298313482@s.whatsapp.net","uang":4732},{"id":"553195787854@s.whatsapp.net","uang":2366},{"id":"5511993551342@s.whatsapp.net","uang":12381},{"id":"5519999999979@s.whatsapp.net","uang":281},{"id":"5521982410944@s.whatsapp.net","uang":23675},{"id":"557185024218@s.whatsapp.net","uang":4740},{"id":"557188335743@s.whatsapp.net","uang":1509},{"id":"553298009224@s.whatsapp.net","uang":1891},{"id":"554598607361@s.whatsapp.net","uang":760},{"id":"556282501806@s.whatsapp.net","uang":765},{"id":"558184745905@s.whatsapp.net","uang":51493},{"id":"556993048820@s.whatsapp.net","uang":760},{"id":"13609380339@s.whatsapp.net","uang":3018},{"id":"555197103033@s.whatsapp.net","uang":95},{"id":"5511959751319@s.whatsapp.net","uang":91929},{"id":"555196060532@s.whatsapp.net","uang":62701},{"id":"553195084839@s.whatsapp.net","uang":10851},{"id":"556599412719@s.whatsapp.net","uang":2857},{"id":"558396663507@s.whatsapp.net","uang":290},{"id":"554792091566@s.whatsapp.net","uang":17610},{"id":"5511986695089@s.whatsapp.net","uang":935},{"id":"554792688839@s.whatsapp.net","uang":157021},{"id":"555499511492@s.whatsapp.net","uang":1044},{"id":"557999039084@s.whatsapp.net","uang":13385},{"id":"557183867922@s.whatsapp.net","uang":383},{"id":"5511968231217@s.whatsapp.net","uang":7647},{"id":"556284130454@s.whatsapp.net","uang":5860},{"id":"553191898874@s.whatsapp.net","uang":11960},{"id":"5516982284302@s.whatsapp.net","uang":189},{"id":"5511968108056@s.whatsapp.net","uang":283},{"id":"5511959704933@s.whatsapp.net","uang":2958},{"id":"5527997474077@s.whatsapp.net","uang":94},{"id":"558699662042@s.whatsapp.net","uang":99},{"id":"556196314548@s.whatsapp.net","uang":1228},{"id":"5527995154850@s.whatsapp.net","uang":1616},{"id":"558296958892@s.whatsapp.net","uang":2929},{"id":"556292296273@s.whatsapp.net","uang":1114},{"id":"5527995172537@s.whatsapp.net","uang":2856},{"id":"553186713135@s.whatsapp.net","uang":8398},{"id":"556294779895@s.whatsapp.net","uang":188},{"id":"559184063331@s.whatsapp.net","uang":180},{"id":"558182631865@s.whatsapp.net","uang":282},{"id":"559674007190@s.whatsapp.net","uang":27874},{"id":"5524988359461@s.whatsapp.net","uang":571},{"id":"5521975311276@s.whatsapp.net","uang":1898},{"id":"559184815220@s.whatsapp.net","uang":196},{"id":"558599066675@s.whatsapp.net","uang":8863},{"id":"553598167371@s.whatsapp.net","uang":189},{"id":"556496233555@s.whatsapp.net","uang":393},{"id":"556993753956@s.whatsapp.net","uang":93},{"id":"552171594052@s.whatsapp.net","uang":3012},{"id":"556196661361@s.whatsapp.net","uang":6346},{"id":"554291088817@s.whatsapp.net","uang":189},{"id":"16162083870@s.whatsapp.net","uang":11082},{"id":"559391880927@s.whatsapp.net","uang":1438},{"id":"558694394652@s.whatsapp.net","uang":482},{"id":"557388224929@s.whatsapp.net","uang":48975},{"id":"558695386561@s.whatsapp.net","uang":99},{"id":"556285333393@s.whatsapp.net","uang":96},{"id":"556681109708@s.whatsapp.net","uang":3107},{"id":"553597032961@s.whatsapp.net","uang":1307},{"id":"15135477645@s.whatsapp.net","uang":10001},{"id":"556784374777@s.whatsapp.net","uang":835},{"id":"15136695825@s.whatsapp.net","uang":10853},{"id":"557388271566@s.whatsapp.net","uang":3655},{"id":"558799051701@s.whatsapp.net","uang":377},{"id":"556284847252@s.whatsapp.net","uang":96},{"id":"558494901814@s.whatsapp.net","uang":6716},{"id":"559885532921@s.whatsapp.net","uang":3775},{"id":"557498082601@s.whatsapp.net","uang":15540},{"id":"5511979699816@s.whatsapp.net","uang":281},{"id":"554691300947@s.whatsapp.net","uang":57691},{"id":"553288603565@s.whatsapp.net","uang":91},{"id":"553597620368@s.whatsapp.net","uang":92},{"id":"5519989899552@s.whatsapp.net","uang":29302},{"id":"5521992095467@s.whatsapp.net","uang":386},{"id":"557398327751@s.whatsapp.net","uang":2389},{"id":"556592203832@s.whatsapp.net","uang":188},{"id":"558183454831@s.whatsapp.net","uang":6992},{"id":"5515991190501@s.whatsapp.net","uang":575},{"id":"5524998214433@s.whatsapp.net","uang":6919},{"id":"556182180687@s.whatsapp.net","uang":463},{"id":"5527988394878@s.whatsapp.net","uang":50602},{"id":"556496016197@s.whatsapp.net","uang":8502},{"id":"553798306680@s.whatsapp.net","uang":2482},{"id":"5511963461137@s.whatsapp.net","uang":2040},{"id":"559984323512@s.whatsapp.net","uang":278},{"id":"5511977260646@s.whatsapp.net","uang":97},{"id":"557391797947@s.whatsapp.net","uang":191},{"id":"559885869781@s.whatsapp.net","uang":183},{"id":"557798238357@s.whatsapp.net","uang":1709},{"id":"559285463772@s.whatsapp.net","uang":864},{"id":"558291450566@s.whatsapp.net","uang":41307},{"id":"556584466523@s.whatsapp.net","uang":374},{"id":"5511948480754@s.whatsapp.net","uang":846},{"id":"558781494240@s.whatsapp.net","uang":757},{"id":"559291161158@s.whatsapp.net","uang":285},{"id":"559282552744@s.whatsapp.net","uang":188},{"id":"5514991437131@s.whatsapp.net","uang":1142},{"id":"559784332056@s.whatsapp.net","uang":18351},{"id":"15134389549@s.whatsapp.net","uang":98},{"id":"558386694715@s.whatsapp.net","uang":2162},{"id":"556784435143@s.whatsapp.net","uang":68184},{"id":"559887300439@s.whatsapp.net","uang":1436},{"id":"556598169207@s.whatsapp.net","uang":4945},{"id":"33641051404@s.whatsapp.net","uang":2451},{"id":"5511968295349@s.whatsapp.net","uang":188},{"id":"557799354692@s.whatsapp.net","uang":43894},{"id":"556193965765@s.whatsapp.net","uang":1038},{"id":"558381141455@s.whatsapp.net","uang":23720},{"id":"553898382684@s.whatsapp.net","uang":846},{"id":"554991354026@s.whatsapp.net","uang":90},{"id":"553491760016@s.whatsapp.net","uang":1113},{"id":"5513997854634@s.whatsapp.net","uang":477},{"id":"558492238301@s.whatsapp.net","uang":964},{"id":"557499635311@s.whatsapp.net","uang":1798},{"id":"559185464098@s.whatsapp.net","uang":91},{"id":"558181530164@s.whatsapp.net","uang":97},{"id":"5519993450474@s.whatsapp.net","uang":2919},{"id":"553197646622@s.whatsapp.net","uang":473},{"id":"556481696972@s.whatsapp.net","uang":459},{"id":"557781540895@s.whatsapp.net","uang":5199},{"id":"556291845896@s.whatsapp.net","uang":90},{"id":"553599174730@s.whatsapp.net","uang":30485},{"id":"555484410153@s.whatsapp.net","uang":184},{"id":"5514997075596@s.whatsapp.net","uang":11435},{"id":"556799409391@s.whatsapp.net","uang":663},{"id":"556193547049@s.whatsapp.net","uang":94},{"id":"553796609521@s.whatsapp.net","uang":2564},{"id":"5511952979041@s.whatsapp.net","uang":91},{"id":"5513988832250@s.whatsapp.net","uang":5302},{"id":"554896603020@s.whatsapp.net","uang":847},{"id":"555596731970@s.whatsapp.net","uang":3998},{"id":"5511943396265@s.whatsapp.net","uang":92},{"id":"994404827826@s.whatsapp.net","uang":1500},{"id":"555198888415@s.whatsapp.net","uang":757},{"id":"553182753285@s.whatsapp.net","uang":11570},{"id":"994408956798@s.whatsapp.net","uang":91},{"id":"554299750348@s.whatsapp.net","uang":570},{"id":"553299209115@s.whatsapp.net","uang":377},{"id":"5511946856883@s.whatsapp.net","uang":3991},{"id":"558981486478@s.whatsapp.net","uang":189},{"id":"553888088257@s.whatsapp.net","uang":94},{"id":"554298433552@s.whatsapp.net","uang":6790},{"id":"558881948074@s.whatsapp.net","uang":90},{"id":"556194403888@s.whatsapp.net","uang":189},{"id":"553399757953@s.whatsapp.net","uang":4333},{"id":"555180123457@s.whatsapp.net","uang":33942},{"id":"558192357097@s.whatsapp.net","uang":18239},{"id":"553599694534@s.whatsapp.net","uang":296},{"id":"554298677017@s.whatsapp.net","uang":278},{"id":"557998247570@s.whatsapp.net","uang":3891},{"id":"5513997184250@s.whatsapp.net","uang":95},{"id":"558197723654@s.whatsapp.net","uang":96},{"id":"559285330008@s.whatsapp.net","uang":7409},{"id":"559982157399@s.whatsapp.net","uang":658},{"id":"553499174805@s.whatsapp.net","uang":1628},{"id":"553186804571@s.whatsapp.net","uang":90},{"id":"559881896281@s.whatsapp.net","uang":6563},{"id":"5517996654991@s.whatsapp.net","uang":97},{"id":"557196539321@s.whatsapp.net","uang":3317},{"id":"559491502154@s.whatsapp.net","uang":1344},{"id":"557998896134@s.whatsapp.net","uang":560},{"id":"556992343570@s.whatsapp.net","uang":373},{"id":"5519987218502@s.whatsapp.net","uang":850},{"id":"5522988397848@s.whatsapp.net","uang":97},{"id":"559188040115@s.whatsapp.net","uang":97},{"id":"5527988276774@s.whatsapp.net","uang":1780},{"id":"15134409017@s.whatsapp.net","uang":1053},{"id":"555197400704@s.whatsapp.net","uang":60398},{"id":"553398567071@s.whatsapp.net","uang":194},{"id":"5521964325523@s.whatsapp.net","uang":6915},{"id":"553598402856@s.whatsapp.net","uang":1517},{"id":"557599138667@s.whatsapp.net","uang":93},{"id":"559984309207@s.whatsapp.net","uang":3794},{"id":"5524988326146@s.whatsapp.net","uang":7709},{"id":"556596386509@s.whatsapp.net","uang":93},{"id":"5516996440647@s.whatsapp.net","uang":8778},{"id":"557491032768@s.whatsapp.net","uang":301279},{"id":"59898039365@s.whatsapp.net","uang":385},{"id":"557996316676@s.whatsapp.net","uang":2534},{"id":"556899867369@s.whatsapp.net","uang":17994},{"id":"559188644062@s.whatsapp.net","uang":186},{"id":"5521990234133@s.whatsapp.net","uang":377},{"id":"559491352048@s.whatsapp.net","uang":9007},{"id":"556181104964@s.whatsapp.net","uang":95},{"id":"5511968827083@s.whatsapp.net","uang":91},{"id":"556293688661@s.whatsapp.net","uang":376},{"id":"5521992975877@s.whatsapp.net","uang":5449},{"id":"559491135412@s.whatsapp.net","uang":282},{"id":"5518974007820@s.whatsapp.net","uang":1226},{"id":"5518981506244@s.whatsapp.net","uang":8930},{"id":"994403207707@s.whatsapp.net","uang":2819},{"id":"555596782273@s.whatsapp.net","uang":2819},{"id":"557398375051@s.whatsapp.net","uang":564},{"id":"5518981468007@s.whatsapp.net","uang":15522},{"id":"559198211697@s.whatsapp.net","uang":189},{"id":"558293294885@s.whatsapp.net","uang":90},{"id":"19254000379@s.whatsapp.net","uang":3968},{"id":"5528999933893@s.whatsapp.net","uang":2185},{"id":"556993900208@s.whatsapp.net","uang":98},{"id":"5518998225261@s.whatsapp.net","uang":384},{"id":"5511965996742@s.whatsapp.net","uang":758},{"id":"558188557303@s.whatsapp.net","uang":4395},{"id":"559991404026@s.whatsapp.net","uang":90},{"id":"557582692667@s.whatsapp.net","uang":1508},{"id":"554498664020@s.whatsapp.net","uang":2437},{"id":"554884216596@s.whatsapp.net","uang":99},{"id":"559284879813@s.whatsapp.net","uang":96},{"id":"5515988251914@s.whatsapp.net","uang":2453},{"id":"557381899672@s.whatsapp.net","uang":1622},{"id":"5521992960083@s.whatsapp.net","uang":1897},{"id":"553399575929@s.whatsapp.net","uang":93},{"id":"557996096237@s.whatsapp.net","uang":9374},{"id":"553888262753@s.whatsapp.net","uang":2464},{"id":"556993373432@s.whatsapp.net","uang":955},{"id":"556599462943@s.whatsapp.net","uang":551},{"id":"14128914762@s.whatsapp.net","uang":1918},{"id":"559491571990@s.whatsapp.net","uang":474},{"id":"557799739677@s.whatsapp.net","uang":1683},{"id":"923180275819@s.whatsapp.net","uang":2366},{"id":"5521976273846@s.whatsapp.net","uang":287},{"id":"558188861453@s.whatsapp.net","uang":2171},{"id":"557191152114@s.whatsapp.net","uang":99},{"id":"15404054376@s.whatsapp.net","uang":195},{"id":"16786493141@s.whatsapp.net","uang":3489},{"id":"558781013157@s.whatsapp.net","uang":278},{"id":"559885508044@s.whatsapp.net","uang":284},{"id":"558198780687@s.whatsapp.net","uang":286},{"id":"559392449743@s.whatsapp.net","uang":28624},{"id":"5522998252466@s.whatsapp.net","uang":90},{"id":"554699368225@s.whatsapp.net","uang":278},{"id":"556294857378@s.whatsapp.net","uang":1511},{"id":"5515996656950@s.whatsapp.net","uang":2169},{"id":"447520674476@s.whatsapp.net","uang":3681},{"id":"554699757736@s.whatsapp.net","uang":4909},{"id":"258852535951@s.whatsapp.net","uang":92},{"id":"5516996031808@s.whatsapp.net","uang":283},{"id":"5512996378494@s.whatsapp.net","uang":15644},{"id":"556793312219@s.whatsapp.net","uang":1325},{"id":"553298213647@s.whatsapp.net","uang":1226},{"id":"5511934450389@s.whatsapp.net","uang":99},{"id":"553399392965@s.whatsapp.net","uang":1232},{"id":"556796683792@s.whatsapp.net","uang":390},{"id":"5521993074875@s.whatsapp.net","uang":288},{"id":"17575511814@s.whatsapp.net","uang":4944},{"id":"556193687880@s.whatsapp.net","uang":1898},{"id":"558681590089@s.whatsapp.net","uang":15227},{"id":"558396975215@s.whatsapp.net","uang":3415},{"id":"5518998040727@s.whatsapp.net","uang":378},{"id":"554888453794@s.whatsapp.net","uang":7294},{"id":"554792670507@s.whatsapp.net","uang":1124},{"id":"5513991646486@s.whatsapp.net","uang":1506},{"id":"5513974150998@s.whatsapp.net","uang":1516},{"id":"554399978992@s.whatsapp.net","uang":563},{"id":"553597634034@s.whatsapp.net","uang":289},{"id":"559299997994@s.whatsapp.net","uang":668},{"id":"557196133610@s.whatsapp.net","uang":142675},{"id":"553499002859@s.whatsapp.net","uang":91},{"id":"5527997182403@s.whatsapp.net","uang":190},{"id":"5511987303301@s.whatsapp.net","uang":98},{"id":"5511960232564@s.whatsapp.net","uang":71852},{"id":"553195119168@s.whatsapp.net","uang":11620},{"id":"5521972321796@s.whatsapp.net","uang":3408},{"id":"5527992436888@s.whatsapp.net","uang":129898},{"id":"5511973562416@s.whatsapp.net","uang":218481},{"id":"5521998476245@s.whatsapp.net","uang":32797},{"id":"5522997716827@s.whatsapp.net","uang":467},{"id":"5511985648688@s.whatsapp.net","uang":1897},{"id":"555199747885@s.whatsapp.net","uang":99},{"id":"559874007779@s.whatsapp.net","uang":280},{"id":"557491475908@s.whatsapp.net","uang":3598},{"id":"556199493044@s.whatsapp.net","uang":280},{"id":"559284072568@s.whatsapp.net","uang":63024},{"id":"5511951149339@s.whatsapp.net","uang":9208},{"id":"558586699487@s.whatsapp.net","uang":293},{"id":"558188174278@s.whatsapp.net","uang":651},{"id":"553498340765@s.whatsapp.net","uang":99},{"id":"559189609740@s.whatsapp.net","uang":189},{"id":"556798523414@s.whatsapp.net","uang":8225},{"id":"5527981330052@s.whatsapp.net","uang":94},{"id":"5521975319960@s.whatsapp.net","uang":99371},{"id":"559699091665@s.whatsapp.net","uang":485},{"id":"5511962056299@s.whatsapp.net","uang":8262},{"id":"556392658351@s.whatsapp.net","uang":7761},{"id":"559189052763@s.whatsapp.net","uang":27500},{"id":"554891943458@s.whatsapp.net","uang":289},{"id":"557191479404@s.whatsapp.net","uang":4300},{"id":"13438007871@s.whatsapp.net","uang":660},{"id":"16029468212@s.whatsapp.net","uang":55861},{"id":"5511940220560@s.whatsapp.net","uang":185},{"id":"553187732918@s.whatsapp.net","uang":13258},{"id":"559892447065@s.whatsapp.net","uang":570},{"id":"559492317414@s.whatsapp.net","uang":11610},{"id":"558592099894@s.whatsapp.net","uang":281},{"id":"5513991894031@s.whatsapp.net","uang":380},{"id":"557186795509@s.whatsapp.net","uang":99},{"id":"5519993689856@s.whatsapp.net","uang":94},{"id":"554197345546@s.whatsapp.net","uang":478},{"id":"558399865301@s.whatsapp.net","uang":26459},{"id":"554384021191@s.whatsapp.net","uang":1893},{"id":"5511967961086@s.whatsapp.net","uang":383},{"id":"556194087726@s.whatsapp.net","uang":10323},{"id":"554797778728@s.whatsapp.net","uang":2929},{"id":"557999441593@s.whatsapp.net","uang":1334},{"id":"5521998280337@s.whatsapp.net","uang":1600},{"id":"553499989198@s.whatsapp.net","uang":10559},{"id":"556198042656@s.whatsapp.net","uang":38347},{"id":"559188782973@s.whatsapp.net","uang":97},{"id":"553398234998@s.whatsapp.net","uang":274},{"id":"556292890406@s.whatsapp.net","uang":2810},{"id":"5521951004386@s.whatsapp.net","uang":99},{"id":"557582040782@s.whatsapp.net","uang":5523},{"id":"5511954774879@s.whatsapp.net","uang":190},{"id":"558688799281@s.whatsapp.net","uang":1406},{"id":"5515998100074@s.whatsapp.net","uang":9889},{"id":"553183048955@s.whatsapp.net","uang":6998},{"id":"14184312463@s.whatsapp.net","uang":14451},{"id":"5511976187684@s.whatsapp.net","uang":183},{"id":"557592047115@s.whatsapp.net","uang":22798},{"id":"554891129323@s.whatsapp.net","uang":11894},{"id":"5517988443569@s.whatsapp.net","uang":282},{"id":"5521998761672@s.whatsapp.net","uang":98},{"id":"553888647818@s.whatsapp.net","uang":1700},{"id":"5528999052835@s.whatsapp.net","uang":853},{"id":"5516992360102@s.whatsapp.net","uang":4185},{"id":"556493064487@s.whatsapp.net","uang":4737},{"id":"5527999361674@s.whatsapp.net","uang":193},{"id":"5516996260689@s.whatsapp.net","uang":92},{"id":"556299791319@s.whatsapp.net","uang":290},{"id":"5511970943617@s.whatsapp.net","uang":290},{"id":"556496992383@s.whatsapp.net","uang":858},{"id":"5527999378156@s.whatsapp.net","uang":15976},{"id":"557998672110@s.whatsapp.net","uang":5093},{"id":"5527988528098@s.whatsapp.net","uang":95},{"id":"556196166488@s.whatsapp.net","uang":371},{"id":"558893017564@s.whatsapp.net","uang":278},{"id":"553183348284@s.whatsapp.net","uang":7817},{"id":"553499724023@s.whatsapp.net","uang":220578},{"id":"555499397419@s.whatsapp.net","uang":566},{"id":"556196603967@s.whatsapp.net","uang":5026},{"id":"557488345253@s.whatsapp.net","uang":6419},{"id":"558181718175@s.whatsapp.net","uang":10527},{"id":"556596003270@s.whatsapp.net","uang":382},{"id":"19152550383@s.whatsapp.net","uang":4939},{"id":"553189778479@s.whatsapp.net","uang":286},{"id":"559984245799@s.whatsapp.net","uang":572},{"id":"5511995939943@s.whatsapp.net","uang":950},{"id":"5519998259035@s.whatsapp.net","uang":2941},{"id":"557592694995@s.whatsapp.net","uang":15004},{"id":"559691425654@s.whatsapp.net","uang":91},{"id":"553184102353@s.whatsapp.net","uang":3470},{"id":"201150788341@s.whatsapp.net","uang":14639},{"id":"559294562940@s.whatsapp.net","uang":737},{"id":"5527988625696@s.whatsapp.net","uang":99},{"id":"5511987257553@s.whatsapp.net","uang":5574},{"id":"5511981732582@s.whatsapp.net","uang":288},{"id":"553598089194@s.whatsapp.net","uang":14565},{"id":"557381627943@s.whatsapp.net","uang":2735},{"id":"555195554773@s.whatsapp.net","uang":1122},{"id":"994404424342@s.whatsapp.net","uang":3100},{"id":"17472774204@s.whatsapp.net","uang":97},{"id":"556798824854@s.whatsapp.net","uang":662},{"id":"554198015513@s.whatsapp.net","uang":66462},{"id":"5511968649751@s.whatsapp.net","uang":92},{"id":"558799206642@s.whatsapp.net","uang":1235},{"id":"559184814239@s.whatsapp.net","uang":749},{"id":"5511952869725@s.whatsapp.net","uang":1990},{"id":"19787862209@s.whatsapp.net","uang":557},{"id":"559284109294@s.whatsapp.net","uang":2555},{"id":"5511973654943@s.whatsapp.net","uang":97},{"id":"554298228300@s.whatsapp.net","uang":287},{"id":"553798330808@s.whatsapp.net","uang":16526},{"id":"553598085530@s.whatsapp.net","uang":4650},{"id":"556296924844@s.whatsapp.net","uang":1507},{"id":"5521991517692@s.whatsapp.net","uang":13496},{"id":"554599370220@s.whatsapp.net","uang":3034},{"id":"5527995193354@s.whatsapp.net","uang":99},{"id":"5521996229725@s.whatsapp.net","uang":3116},{"id":"554298411168@s.whatsapp.net","uang":187},{"id":"553488341173@s.whatsapp.net","uang":5091},{"id":"5518996594881@s.whatsapp.net","uang":97},{"id":"558294223274@s.whatsapp.net","uang":575},{"id":"553187854238@s.whatsapp.net","uang":874},{"id":"558181726594@s.whatsapp.net","uang":4109},{"id":"559484236322@s.whatsapp.net","uang":189},{"id":"5527992738166@s.whatsapp.net","uang":11828},{"id":"5511931312585@s.whatsapp.net","uang":2746},{"id":"5517997416580@s.whatsapp.net","uang":478},{"id":"553299446850@s.whatsapp.net","uang":576},{"id":"50762372432@s.whatsapp.net","uang":99},{"id":"5527998023675@s.whatsapp.net","uang":190},{"id":"557588363239@s.whatsapp.net","uang":288},{"id":"557488328827@s.whatsapp.net","uang":2188},{"id":"556392146824@s.whatsapp.net","uang":4530},{"id":"5514997872723@s.whatsapp.net","uang":185},{"id":"553399353802@s.whatsapp.net","uang":854},{"id":"556196163867@s.whatsapp.net","uang":76425},{"id":"16266107906@s.whatsapp.net","uang":476},{"id":"553189558428@s.whatsapp.net","uang":1048},{"id":"558388933083@s.whatsapp.net","uang":2272},{"id":"553897220108@s.whatsapp.net","uang":8495},{"id":"556291309362@s.whatsapp.net","uang":282},{"id":"351932191232@s.whatsapp.net","uang":3115},{"id":"17123603642@s.whatsapp.net","uang":91},{"id":"556294994847@s.whatsapp.net","uang":285},{"id":"5511996852153@s.whatsapp.net","uang":7584},{"id":"5511960881590@s.whatsapp.net","uang":2182},{"id":"556392471292@s.whatsapp.net","uang":1395},{"id":"556292716712@s.whatsapp.net","uang":1140},{"id":"558299893673@s.whatsapp.net","uang":5130},{"id":"5527995906298@s.whatsapp.net","uang":1967},{"id":"556284763251@s.whatsapp.net","uang":11549},{"id":"559282220049@s.whatsapp.net","uang":6984},{"id":"557999517461@s.whatsapp.net","uang":5089},{"id":"554199653065@s.whatsapp.net","uang":37745},{"id":"5521986490293@s.whatsapp.net","uang":1500},{"id":"923032669468@s.whatsapp.net","uang":99},{"id":"917989112741@s.whatsapp.net","uang":285},{"id":"201270530351@s.whatsapp.net","uang":190},{"id":"5527997179500@s.whatsapp.net","uang":565},{"id":"557799432398@s.whatsapp.net","uang":1228},{"id":"5511961340094@s.whatsapp.net","uang":841},{"id":"919547547127@s.whatsapp.net","uang":282},{"id":"919969984804@s.whatsapp.net","uang":470},{"id":"923337203724@s.whatsapp.net","uang":286},{"id":"917607926994@s.whatsapp.net","uang":97},{"id":"918092791871@s.whatsapp.net","uang":187},{"id":"918288857061@s.whatsapp.net","uang":90},{"id":"5521982261405@s.whatsapp.net","uang":284},{"id":"923131071770@s.whatsapp.net","uang":185},{"id":"923001808284@s.whatsapp.net","uang":97},{"id":"923121156532@s.whatsapp.net","uang":92},{"id":"923005255052@s.whatsapp.net","uang":97},{"id":"5511988410320@s.whatsapp.net","uang":1801},{"id":"558481420974@s.whatsapp.net","uang":2629},{"id":"5521967491074@s.whatsapp.net","uang":98},{"id":"552179838777@s.whatsapp.net","uang":188},{"id":"5511911421949@s.whatsapp.net","uang":1236},{"id":"554792372101@s.whatsapp.net","uang":286},{"id":"918095422016@s.whatsapp.net","uang":93},{"id":"559984406383@s.whatsapp.net","uang":122698},{"id":"917046159549@s.whatsapp.net","uang":98},{"id":"556592772704@s.whatsapp.net","uang":93308},{"id":"96565092839@s.whatsapp.net","uang":92},{"id":"966562873013@s.whatsapp.net","uang":467},{"id":"14695300413@s.whatsapp.net","uang":659},{"id":"558498033782@s.whatsapp.net","uang":1135},{"id":"556183385024@s.whatsapp.net","uang":183},{"id":"447438032667@s.whatsapp.net","uang":91},{"id":"224661992507@s.whatsapp.net","uang":90},{"id":"552792267441@s.whatsapp.net","uang":9411},{"id":"559484384391@s.whatsapp.net","uang":376},{"id":"556799507620@s.whatsapp.net","uang":1499},{"id":"553175432573@s.whatsapp.net","uang":273},{"id":"558592972018@s.whatsapp.net","uang":746},{"id":"557184649695@s.whatsapp.net","uang":184},{"id":"559888530766@s.whatsapp.net","uang":71013},{"id":"5521995925871@s.whatsapp.net","uang":230739},{"id":"559295100532@s.whatsapp.net","uang":2463},{"id":"555599182091@s.whatsapp.net","uang":379},{"id":"556593519897@s.whatsapp.net","uang":55513},{"id":"558688286995@s.whatsapp.net","uang":11604},{"id":"558699395718@s.whatsapp.net","uang":4317},{"id":"559887445733@s.whatsapp.net","uang":2652},{"id":"16824523224@s.whatsapp.net","uang":27345},{"id":"554198976262@s.whatsapp.net","uang":10436},{"id":"554791997542@s.whatsapp.net","uang":99},{"id":"5521980899622@s.whatsapp.net","uang":5627},{"id":"557187338320@s.whatsapp.net","uang":480},{"id":"558185801966@s.whatsapp.net","uang":194},{"id":"5516988407118@s.whatsapp.net","uang":479},{"id":"5527996624186@s.whatsapp.net","uang":290},{"id":"557583162242@s.whatsapp.net","uang":1981},{"id":"558186887897@s.whatsapp.net","uang":2562},{"id":"15716004823@s.whatsapp.net","uang":369},{"id":"559886089711@s.whatsapp.net","uang":466},{"id":"552798123783@s.whatsapp.net","uang":1315},{"id":"553898757169@s.whatsapp.net","uang":3500},{"id":"556696503752@s.whatsapp.net","uang":35047},{"id":"556298677977@s.whatsapp.net","uang":380},{"id":"5511957216712@s.whatsapp.net","uang":8952},{"id":"559294126953@s.whatsapp.net","uang":1689},{"id":"5511933222107@s.whatsapp.net","uang":29180},{"id":"5521965639328@s.whatsapp.net","uang":1221},{"id":"554791113057@s.whatsapp.net","uang":90},{"id":"558187632435@s.whatsapp.net","uang":8236},{"id":"559885525002@s.whatsapp.net","uang":2574},{"id":"5519987306739@s.whatsapp.net","uang":6582},{"id":"5511975343867@s.whatsapp.net","uang":90},{"id":"15159967234@s.whatsapp.net","uang":24392},{"id":"5511952337205@s.whatsapp.net","uang":20023},{"id":"554195314008@s.whatsapp.net","uang":14648},{"id":"559184080956@s.whatsapp.net","uang":189},{"id":"5516988266225@s.whatsapp.net","uang":8910},{"id":"557582546380@s.whatsapp.net","uang":48777},{"id":"552184266969@s.whatsapp.net","uang":6357},{"id":"558188918396@s.whatsapp.net","uang":1892},{"id":"559185193063@s.whatsapp.net","uang":189},{"id":"5511910281623@s.whatsapp.net","uang":90},{"id":"5519982684044@s.whatsapp.net","uang":91},{"id":"5521969123074@s.whatsapp.net","uang":1032},{"id":"554797634844@s.whatsapp.net","uang":662},{"id":"558591293316@s.whatsapp.net","uang":13596},{"id":"558195512985@s.whatsapp.net","uang":1137},{"id":"5511984452697@s.whatsapp.net","uang":95},{"id":"559391172316@s.whatsapp.net","uang":1991},{"id":"558698433087@s.whatsapp.net","uang":2734},{"id":"5511973496417@s.whatsapp.net","uang":1716},{"id":"559184503112@s.whatsapp.net","uang":658},{"id":"554699073350@s.whatsapp.net","uang":1126},{"id":"554792655516@s.whatsapp.net","uang":2952},{"id":"558386376260@s.whatsapp.net","uang":477},{"id":"16474918239@s.whatsapp.net","uang":97},{"id":"5519971511078@s.whatsapp.net","uang":1697},{"id":"554599170368@s.whatsapp.net","uang":2354},{"id":"17853027092@s.whatsapp.net","uang":1044},{"id":"557391033196@s.whatsapp.net","uang":228572},{"id":"5527992313485@s.whatsapp.net","uang":468},{"id":"556992230039@s.whatsapp.net","uang":95},{"id":"5511981542234@s.whatsapp.net","uang":657},{"id":"558698138882@s.whatsapp.net","uang":1039},{"id":"5524992988183@s.whatsapp.net","uang":5479},{"id":"558896581789@s.whatsapp.net","uang":1597},{"id":"554791691500@s.whatsapp.net","uang":91},{"id":"556282206526@s.whatsapp.net","uang":5385},{"id":"558494077664@s.whatsapp.net","uang":1609},{"id":"5511984782230@s.whatsapp.net","uang":97},{"id":"16202937691@s.whatsapp.net","uang":196},{"id":"554197544411@s.whatsapp.net","uang":558},{"id":"5511977367307@s.whatsapp.net","uang":287},{"id":"553399766979@s.whatsapp.net","uang":562},{"id":"559291187632@s.whatsapp.net","uang":95},{"id":"553171172781@s.whatsapp.net","uang":668},{"id":"558694288212@s.whatsapp.net","uang":99},{"id":"558198858912@s.whatsapp.net","uang":1770},{"id":"556984524647@s.whatsapp.net","uang":7653},{"id":"553198000477@s.whatsapp.net","uang":275},{"id":"558199872847@s.whatsapp.net","uang":92},{"id":"556992880210@s.whatsapp.net","uang":1046},{"id":"5511983462347@s.whatsapp.net","uang":3313},{"id":"557599729423@s.whatsapp.net","uang":1034},{"id":"18065169986@s.whatsapp.net","uang":188},{"id":"559992016754@s.whatsapp.net","uang":568},{"id":"555596860513@s.whatsapp.net","uang":662},{"id":"5511963136027@s.whatsapp.net","uang":856},{"id":"554399341859@s.whatsapp.net","uang":12902},{"id":"559591748142@s.whatsapp.net","uang":950},{"id":"558597988838@s.whatsapp.net","uang":482},{"id":"557999173896@s.whatsapp.net","uang":26994},{"id":"5514996387124@s.whatsapp.net","uang":287},{"id":"5521989144496@s.whatsapp.net","uang":9947},{"id":"556181920907@s.whatsapp.net","uang":99},{"id":"5522997249144@s.whatsapp.net","uang":381},{"id":"558381227260@s.whatsapp.net","uang":282},{"id":"19254339769@s.whatsapp.net","uang":468},{"id":"559892195368@s.whatsapp.net","uang":3114},{"id":"558192066404@s.whatsapp.net","uang":2539},{"id":"5511965270732@s.whatsapp.net","uang":476},{"id":"559384214689@s.whatsapp.net","uang":2074},{"id":"559492870197@s.whatsapp.net","uang":3366},{"id":"559294382064@s.whatsapp.net","uang":4636},{"id":"5512988123750@s.whatsapp.net","uang":1229},{"id":"553171310161@s.whatsapp.net","uang":90},{"id":"557581091142@s.whatsapp.net","uang":190},{"id":"553299970143@s.whatsapp.net","uang":91},{"id":"557186590656@s.whatsapp.net","uang":187},{"id":"556799178020@s.whatsapp.net","uang":2733},{"id":"553196049876@s.whatsapp.net","uang":472},{"id":"553497721784@s.whatsapp.net","uang":191},{"id":"5511973883059@s.whatsapp.net","uang":8947},{"id":"556993986397@s.whatsapp.net","uang":90},{"id":"556599243319@s.whatsapp.net","uang":9768},{"id":"5527998696432@s.whatsapp.net","uang":5021},{"id":"5511949040645@s.whatsapp.net","uang":846},{"id":"50768296410@s.whatsapp.net","uang":465},{"id":"5514988097624@s.whatsapp.net","uang":570},{"id":"558892775118@s.whatsapp.net","uang":6714},{"id":"557581588263@s.whatsapp.net","uang":3335},{"id":"557588827065@s.whatsapp.net","uang":4556},{"id":"5519986009272@s.whatsapp.net","uang":850},{"id":"994405479619@s.whatsapp.net","uang":1139},{"id":"554288319999@s.whatsapp.net","uang":96},{"id":"555591061919@s.whatsapp.net","uang":1143},{"id":"556298669407@s.whatsapp.net","uang":2458},{"id":"555197423855@s.whatsapp.net","uang":5144},{"id":"558688968770@s.whatsapp.net","uang":99},{"id":"556492497503@s.whatsapp.net","uang":12063},{"id":"556993501178@s.whatsapp.net","uang":567},{"id":"556984063795@s.whatsapp.net","uang":99},{"id":"17404497706@s.whatsapp.net","uang":3191},{"id":"557599398696@s.whatsapp.net","uang":188},{"id":"5511910146216@s.whatsapp.net","uang":1586},{"id":"557481108669@s.whatsapp.net","uang":847},{"id":"559881246243@s.whatsapp.net","uang":2771},{"id":"554888495059@s.whatsapp.net","uang":8233},{"id":"558281235790@s.whatsapp.net","uang":2653},{"id":"558293662375@s.whatsapp.net","uang":7309},{"id":"558881480359@s.whatsapp.net","uang":1692},{"id":"554691014521@s.whatsapp.net","uang":96},{"id":"558386479281@s.whatsapp.net","uang":4834},{"id":"559985138479@s.whatsapp.net","uang":2834},{"id":"556584357215@s.whatsapp.net","uang":186},{"id":"554198445832@s.whatsapp.net","uang":3524},{"id":"558896856759@s.whatsapp.net","uang":17183},{"id":"558386334326@s.whatsapp.net","uang":185},{"id":"258855481231@s.whatsapp.net","uang":469},{"id":"5511933435257@s.whatsapp.net","uang":937},{"id":"555184116623@s.whatsapp.net","uang":4937},{"id":"5527999124790@s.whatsapp.net","uang":7995},{"id":"559891031894@s.whatsapp.net","uang":4151},{"id":"559891670355@s.whatsapp.net","uang":285},{"id":"559889116405@s.whatsapp.net","uang":1528},{"id":"559182120935@s.whatsapp.net","uang":1863},{"id":"556599236354@s.whatsapp.net","uang":4988},{"id":"559294797565@s.whatsapp.net","uang":649},{"id":"5511964204037@s.whatsapp.net","uang":187},{"id":"5521989544081@s.whatsapp.net","uang":5591},{"id":"15154954098@s.whatsapp.net","uang":28654},{"id":"557196598192@s.whatsapp.net","uang":666},{"id":"5527996881255@s.whatsapp.net","uang":939},{"id":"556484349515@s.whatsapp.net","uang":11171},{"id":"5527995332408@s.whatsapp.net","uang":949},{"id":"559892364798@s.whatsapp.net","uang":14592},{"id":"559891284324@s.whatsapp.net","uang":11694},{"id":"5511968610803@s.whatsapp.net","uang":195},{"id":"558598314929@s.whatsapp.net","uang":95},{"id":"19034298527@s.whatsapp.net","uang":15487},{"id":"5516991506664@s.whatsapp.net","uang":3025},{"id":"558181065062@s.whatsapp.net","uang":5015},{"id":"5521965404500@s.whatsapp.net","uang":954},{"id":"15854163473@s.whatsapp.net","uang":1317},{"id":"554388406888@s.whatsapp.net","uang":1801},{"id":"556284700168@s.whatsapp.net","uang":21778},{"id":"558299815726@s.whatsapp.net","uang":234016},{"id":"554498618298@s.whatsapp.net","uang":2658},{"id":"553599734839@s.whatsapp.net","uang":850},{"id":"5515998299693@s.whatsapp.net","uang":277},{"id":"555181926711@s.whatsapp.net","uang":1328},{"id":"556298315679@s.whatsapp.net","uang":192},{"id":"556293357235@s.whatsapp.net","uang":192},{"id":"559288235200@s.whatsapp.net","uang":5807},{"id":"557491249211@s.whatsapp.net","uang":182},{"id":"5519994416655@s.whatsapp.net","uang":2362},{"id":"553288848760@s.whatsapp.net","uang":187},{"id":"5511998248013@s.whatsapp.net","uang":8395},{"id":"559185711830@s.whatsapp.net","uang":185},{"id":"554195261625@s.whatsapp.net","uang":1320},{"id":"556182298516@s.whatsapp.net","uang":757},{"id":"557187438202@s.whatsapp.net","uang":2533},{"id":"14387008921@s.whatsapp.net","uang":1122},{"id":"12074924252@s.whatsapp.net","uang":7208},{"id":"558688741833@s.whatsapp.net","uang":289},{"id":"556892169610@s.whatsapp.net","uang":188},{"id":"559888972296@s.whatsapp.net","uang":2372},{"id":"557999749468@s.whatsapp.net","uang":5077},{"id":"559492993650@s.whatsapp.net","uang":192},{"id":"994407570044@s.whatsapp.net","uang":374},{"id":"556796107616@s.whatsapp.net","uang":19996},{"id":"559293287195@s.whatsapp.net","uang":576},{"id":"14509772104@s.whatsapp.net","uang":576},{"id":"5511932892718@s.whatsapp.net","uang":672},{"id":"5519999977023@s.whatsapp.net","uang":9513},{"id":"5519998353630@s.whatsapp.net","uang":7571},{"id":"558695220680@s.whatsapp.net","uang":196},{"id":"554699198084@s.whatsapp.net","uang":374},{"id":"554598463885@s.whatsapp.net","uang":12729},{"id":"554491662203@s.whatsapp.net","uang":281},{"id":"554888219809@s.whatsapp.net","uang":92},{"id":"5521992383208@s.whatsapp.net","uang":386},{"id":"5511953514455@s.whatsapp.net","uang":2641},{"id":"553888665213@s.whatsapp.net","uang":4352},{"id":"5521979637754@s.whatsapp.net","uang":5262},{"id":"558893003740@s.whatsapp.net","uang":97},{"id":"556596691889@s.whatsapp.net","uang":188},{"id":"559784481914@s.whatsapp.net","uang":182},{"id":"16162712817@s.whatsapp.net","uang":4515},{"id":"5521979487832@s.whatsapp.net","uang":10233},{"id":"994407225873@s.whatsapp.net","uang":6077},{"id":"559187694896@s.whatsapp.net","uang":1602},{"id":"553398625784@s.whatsapp.net","uang":3877},{"id":"16362754110@s.whatsapp.net","uang":91},{"id":"558599780346@s.whatsapp.net","uang":3055},{"id":"5511945234365@s.whatsapp.net","uang":282},{"id":"553388573150@s.whatsapp.net","uang":281},{"id":"558189720408@s.whatsapp.net","uang":93},{"id":"554699180204@s.whatsapp.net","uang":931},{"id":"5521971564051@s.whatsapp.net","uang":31195},{"id":"558184042317@s.whatsapp.net","uang":3587},{"id":"554999247814@s.whatsapp.net","uang":2198},{"id":"5524993214024@s.whatsapp.net","uang":24868},{"id":"559185043253@s.whatsapp.net","uang":479},{"id":"556992235285@s.whatsapp.net","uang":9555},{"id":"5511976687741@s.whatsapp.net","uang":869},{"id":"559181194894@s.whatsapp.net","uang":1332},{"id":"558488861393@s.whatsapp.net","uang":9720},{"id":"559492079568@s.whatsapp.net","uang":1422},{"id":"556199046402@s.whatsapp.net","uang":279},{"id":"5518981782965@s.whatsapp.net","uang":756},{"id":"5511993019853@s.whatsapp.net","uang":36506},{"id":"19706165637@s.whatsapp.net","uang":3310},{"id":"557999824370@s.whatsapp.net","uang":381},{"id":"554898077033@s.whatsapp.net","uang":90},{"id":"558588223258@s.whatsapp.net","uang":187},{"id":"558589252166@s.whatsapp.net","uang":190},{"id":"553198841165@s.whatsapp.net","uang":4595},{"id":"558896552993@s.whatsapp.net","uang":98},{"id":"553284731653@s.whatsapp.net","uang":662},{"id":"558694865503@s.whatsapp.net","uang":99},{"id":"558592642381@s.whatsapp.net","uang":1414},{"id":"558586772161@s.whatsapp.net","uang":487},{"id":"5514998796132@s.whatsapp.net","uang":284},{"id":"559699650460@s.whatsapp.net","uang":748},{"id":"554598012200@s.whatsapp.net","uang":192},{"id":"5491151231698@s.whatsapp.net","uang":96},{"id":"553189516438@s.whatsapp.net","uang":7278},{"id":"553591126787@s.whatsapp.net","uang":100882},{"id":"5527995138163@s.whatsapp.net","uang":35616},{"id":"994406449275@s.whatsapp.net","uang":570},{"id":"5511981912078@s.whatsapp.net","uang":375},{"id":"5516993917842@s.whatsapp.net","uang":189},{"id":"557798577966@s.whatsapp.net","uang":97},{"id":"554198977498@s.whatsapp.net","uang":14306},{"id":"559584111291@s.whatsapp.net","uang":1888},{"id":"556697250299@s.whatsapp.net","uang":94},{"id":"559284557987@s.whatsapp.net","uang":575},{"id":"5519991211657@s.whatsapp.net","uang":92},{"id":"555191344819@s.whatsapp.net","uang":3040},{"id":"994407246657@s.whatsapp.net","uang":1504},{"id":"12792033312@s.whatsapp.net","uang":99},{"id":"556298345278@s.whatsapp.net","uang":283},{"id":"5528999537208@s.whatsapp.net","uang":669},{"id":"553197117344@s.whatsapp.net","uang":657},{"id":"556391136755@s.whatsapp.net","uang":47035},{"id":"557491384053@s.whatsapp.net","uang":1241},{"id":"556295798025@s.whatsapp.net","uang":191},{"id":"555599886019@s.whatsapp.net","uang":554},{"id":"558281687484@s.whatsapp.net","uang":377},{"id":"553194278680@s.whatsapp.net","uang":465},{"id":"554799338718@s.whatsapp.net","uang":10658},{"id":"558282213538@s.whatsapp.net","uang":70156},{"id":"559985052338@s.whatsapp.net","uang":190},{"id":"557491279632@s.whatsapp.net","uang":463},{"id":"559491188943@s.whatsapp.net","uang":470},{"id":"553897501714@s.whatsapp.net","uang":6747},{"id":"559199410552@s.whatsapp.net","uang":3512},{"id":"557799052823@s.whatsapp.net","uang":667},{"id":"5516996919713@s.whatsapp.net","uang":12587},{"id":"556984186541@s.whatsapp.net","uang":93},{"id":"5514981821247@s.whatsapp.net","uang":10401},{"id":"994408115602@s.whatsapp.net","uang":32811},{"id":"5511942183695@s.whatsapp.net","uang":279},{"id":"15202014853@s.whatsapp.net","uang":2365},{"id":"994407549880@s.whatsapp.net","uang":960},{"id":"553799045313@s.whatsapp.net","uang":751},{"id":"556798256805@s.whatsapp.net","uang":379},{"id":"5511930725430@s.whatsapp.net","uang":1711},{"id":"15753299353@s.whatsapp.net","uang":668},{"id":"553399074359@s.whatsapp.net","uang":7944},{"id":"559984734987@s.whatsapp.net","uang":2072},{"id":"15752528772@s.whatsapp.net","uang":575},{"id":"5521965594487@s.whatsapp.net","uang":9378},{"id":"559885212160@s.whatsapp.net","uang":92},{"id":"558188558435@s.whatsapp.net","uang":278},{"id":"5521999726804@s.whatsapp.net","uang":3688},{"id":"5511952433285@s.whatsapp.net","uang":192},{"id":"5511982182413@s.whatsapp.net","uang":1139},{"id":"5511952667994@s.whatsapp.net","uang":1131},{"id":"558695746180@s.whatsapp.net","uang":190},{"id":"556181469611@s.whatsapp.net","uang":7332},{"id":"558591048144@s.whatsapp.net","uang":288},{"id":"5511946283984@s.whatsapp.net","uang":769},{"id":"558892522890@s.whatsapp.net","uang":92},{"id":"558382135971@s.whatsapp.net","uang":7901},{"id":"553189864834@s.whatsapp.net","uang":755},{"id":"553184751381@s.whatsapp.net","uang":8991},{"id":"556796317333@s.whatsapp.net","uang":564},{"id":"554399356121@s.whatsapp.net","uang":97},{"id":"5519999695242@s.whatsapp.net","uang":4330},{"id":"5511942596888@s.whatsapp.net","uang":90},{"id":"555599514976@s.whatsapp.net","uang":374},{"id":"559184979743@s.whatsapp.net","uang":384},{"id":"557588532929@s.whatsapp.net","uang":1134},{"id":"5511954420707@s.whatsapp.net","uang":941},{"id":"558897264696@s.whatsapp.net","uang":1417},{"id":"558193627089@s.whatsapp.net","uang":24047},{"id":"13608891961@s.whatsapp.net","uang":31568},{"id":"5519999376992@s.whatsapp.net","uang":3581},{"id":"553599764704@s.whatsapp.net","uang":3120},{"id":"19204136781@s.whatsapp.net","uang":387813},{"id":"556298746454@s.whatsapp.net","uang":571},{"id":"553195315737@s.whatsapp.net","uang":193},{"id":"554792658742@s.whatsapp.net","uang":2270},{"id":"558994372802@s.whatsapp.net","uang":750},{"id":"556182417633@s.whatsapp.net","uang":91},{"id":"559295220554@s.whatsapp.net","uang":191},{"id":"558599755867@s.whatsapp.net","uang":93},{"id":"553182391791@s.whatsapp.net","uang":2857},{"id":"554699098714@s.whatsapp.net","uang":2555},{"id":"15137123403@s.whatsapp.net","uang":372},{"id":"556593583079@s.whatsapp.net","uang":19356},{"id":"553171535782@s.whatsapp.net","uang":1219},{"id":"559181764856@s.whatsapp.net","uang":144961},{"id":"559591532052@s.whatsapp.net","uang":480},{"id":"5519993845420@s.whatsapp.net","uang":90},{"id":"559885659101@s.whatsapp.net","uang":1718},{"id":"556185215375@s.whatsapp.net","uang":23837},{"id":"5511958275813@s.whatsapp.net","uang":2936},{"id":"557788396517@s.whatsapp.net","uang":2368},{"id":"559985189981@s.whatsapp.net","uang":51011},{"id":"553499384070@s.whatsapp.net","uang":96},{"id":"559185165072@s.whatsapp.net","uang":93},{"id":"559492129245@s.whatsapp.net","uang":46328},{"id":"559193046539@s.whatsapp.net","uang":37352},{"id":"559499030539@s.whatsapp.net","uang":30656},{"id":"557599962239@s.whatsapp.net","uang":651},{"id":"556984294970@s.whatsapp.net","uang":12005},{"id":"559499802405@s.whatsapp.net","uang":7771},{"id":"559984209236@s.whatsapp.net","uang":563},{"id":"559984243965@s.whatsapp.net","uang":8542},{"id":"557481431646@s.whatsapp.net","uang":90},{"id":"553899442667@s.whatsapp.net","uang":96},{"id":"559184521898@s.whatsapp.net","uang":2094},{"id":"5512997610679@s.whatsapp.net","uang":383},{"id":"558589614500@s.whatsapp.net","uang":125133},{"id":"51940763424@s.whatsapp.net","uang":96},{"id":"15135976606@s.whatsapp.net","uang":90},{"id":"559182292920@s.whatsapp.net","uang":3950},{"id":"555183552841@s.whatsapp.net","uang":281},{"id":"994404150643@s.whatsapp.net","uang":656},{"id":"351916530858@s.whatsapp.net","uang":59806},{"id":"5521975490343@s.whatsapp.net","uang":2183},{"id":"258842842843@s.whatsapp.net","uang":92},{"id":"5519995560998@s.whatsapp.net","uang":92},{"id":"555399487602@s.whatsapp.net","uang":379},{"id":"559991650158@s.whatsapp.net","uang":187},{"id":"558199581003@s.whatsapp.net","uang":284},{"id":"5517996425767@s.whatsapp.net","uang":377},{"id":"558494535333@s.whatsapp.net","uang":98},{"id":"559984028554@s.whatsapp.net","uang":656},{"id":"558192682105@s.whatsapp.net","uang":1501},{"id":"558386268902@s.whatsapp.net","uang":1598},{"id":"553498611203@s.whatsapp.net","uang":94},{"id":"554792028609@s.whatsapp.net","uang":285},{"id":"559187050871@s.whatsapp.net","uang":11828},{"id":"558381079137@s.whatsapp.net","uang":1896},{"id":"553898645036@s.whatsapp.net","uang":92},{"id":"559981771976@s.whatsapp.net","uang":373},{"id":"558199544024@s.whatsapp.net","uang":97},{"id":"5511959202508@s.whatsapp.net","uang":90},{"id":"16415484047@s.whatsapp.net","uang":181},{"id":"5513991530227@s.whatsapp.net","uang":763},{"id":"5513996762609@s.whatsapp.net","uang":6330},{"id":"5521984354709@s.whatsapp.net","uang":185},{"id":"553898734156@s.whatsapp.net","uang":99},{"id":"5511973333583@s.whatsapp.net","uang":469},{"id":"5516999687594@s.whatsapp.net","uang":462},{"id":"554598000594@s.whatsapp.net","uang":840},{"id":"558173316953@s.whatsapp.net","uang":1523},{"id":"5511980787385@s.whatsapp.net","uang":572},{"id":"5511946303550@s.whatsapp.net","uang":1894},{"id":"557388873494@s.whatsapp.net","uang":940},{"id":"555199605800@s.whatsapp.net","uang":5547},{"id":"559181823889@s.whatsapp.net","uang":279},{"id":"5519993142265@s.whatsapp.net","uang":189},{"id":"5511965793391@s.whatsapp.net","uang":1975},{"id":"5521995161942@s.whatsapp.net","uang":1881},{"id":"558386705673@s.whatsapp.net","uang":2002},{"id":"553196298617@s.whatsapp.net","uang":1313},{"id":"557981752220@s.whatsapp.net","uang":853},{"id":"18024565112@s.whatsapp.net","uang":1143},{"id":"553888210880@s.whatsapp.net","uang":11126},{"id":"556181631127@s.whatsapp.net","uang":25708},{"id":"5521968592227@s.whatsapp.net","uang":188},{"id":"559885018147@s.whatsapp.net","uang":90},{"id":"5527996651662@s.whatsapp.net","uang":377},{"id":"558487313045@s.whatsapp.net","uang":1140},{"id":"351962220317@s.whatsapp.net","uang":95},{"id":"558589637120@s.whatsapp.net","uang":274},{"id":"554199695726@s.whatsapp.net","uang":6820},{"id":"5516991073738@s.whatsapp.net","uang":195},{"id":"15013823667@s.whatsapp.net","uang":5003},{"id":"16047064645@s.whatsapp.net","uang":1503},{"id":"13463150287@s.whatsapp.net","uang":5192},{"id":"556284821281@s.whatsapp.net","uang":379},{"id":"5511985107762@s.whatsapp.net","uang":90},{"id":"5511949864670@s.whatsapp.net","uang":187},{"id":"5527997783057@s.whatsapp.net","uang":286},{"id":"553899994845@s.whatsapp.net","uang":184},{"id":"554191549844@s.whatsapp.net","uang":92},{"id":"5514998064377@s.whatsapp.net","uang":93},{"id":"558396406648@s.whatsapp.net","uang":8439},{"id":"556283236664@s.whatsapp.net","uang":99},{"id":"558597396860@s.whatsapp.net","uang":191},{"id":"552185778728@s.whatsapp.net","uang":99},{"id":"553175731270@s.whatsapp.net","uang":765},{"id":"558888268197@s.whatsapp.net","uang":98},{"id":"559985276543@s.whatsapp.net","uang":1423},{"id":"558195253727@s.whatsapp.net","uang":281},{"id":"5514996349085@s.whatsapp.net","uang":191},{"id":"557799953470@s.whatsapp.net","uang":2267},{"id":"5519984173606@s.whatsapp.net","uang":473},{"id":"5511957159382@s.whatsapp.net","uang":283},{"id":"557999848556@s.whatsapp.net","uang":3778},{"id":"555191695396@s.whatsapp.net","uang":45110},{"id":"553388739800@s.whatsapp.net","uang":385},{"id":"5516993339128@s.whatsapp.net","uang":99},{"id":"5519981024797@s.whatsapp.net","uang":186},{"id":"558193393492@s.whatsapp.net","uang":1047},{"id":"5511945541988@s.whatsapp.net","uang":95},{"id":"5521998338630@s.whatsapp.net","uang":1967},{"id":"558198923680@s.whatsapp.net","uang":1238},{"id":"559198247412@s.whatsapp.net","uang":1714},{"id":"559591470743@s.whatsapp.net","uang":17197},{"id":"559294902840@s.whatsapp.net","uang":369},{"id":"558296165538@s.whatsapp.net","uang":1135},{"id":"5521968876594@s.whatsapp.net","uang":379},{"id":"553592694001@s.whatsapp.net","uang":5964},{"id":"556198358130@s.whatsapp.net","uang":770},{"id":"556799636756@s.whatsapp.net","uang":49474},{"id":"557592648071@s.whatsapp.net","uang":2100},{"id":"559491782336@s.whatsapp.net","uang":1902},{"id":"13433082440@s.whatsapp.net","uang":99},{"id":"557791821138@s.whatsapp.net","uang":5041},{"id":"556784442945@s.whatsapp.net","uang":2533},{"id":"5521999242276@s.whatsapp.net","uang":91},{"id":"558287389084@s.whatsapp.net","uang":3491},{"id":"553194209455@s.whatsapp.net","uang":7044},{"id":"5518991876994@s.whatsapp.net","uang":5104},{"id":"5518991487718@s.whatsapp.net","uang":1622},{"id":"5518991750872@s.whatsapp.net","uang":4802},{"id":"558496619752@s.whatsapp.net","uang":186},{"id":"556791769702@s.whatsapp.net","uang":182},{"id":"447441433937@s.whatsapp.net","uang":5376},{"id":"15166193862@s.whatsapp.net","uang":34616},{"id":"555185374657@s.whatsapp.net","uang":186},{"id":"557183964757@s.whatsapp.net","uang":92},{"id":"557388527131@s.whatsapp.net","uang":12350},{"id":"558496102167@s.whatsapp.net","uang":1245},{"id":"553391721244@s.whatsapp.net","uang":1051},{"id":"558681909203@s.whatsapp.net","uang":566},{"id":"553592173527@s.whatsapp.net","uang":659},{"id":"553171845304@s.whatsapp.net","uang":187},{"id":"559888482825@s.whatsapp.net","uang":1704},{"id":"5518988163619@s.whatsapp.net","uang":5725},{"id":"5514981477847@s.whatsapp.net","uang":1042},{"id":"556496423445@s.whatsapp.net","uang":1030},{"id":"558487253905@s.whatsapp.net","uang":18793},{"id":"558193294050@s.whatsapp.net","uang":2943},{"id":"559299720891@s.whatsapp.net","uang":94},{"id":"553898818206@s.whatsapp.net","uang":286},{"id":"557191963377@s.whatsapp.net","uang":2445},{"id":"558184065924@s.whatsapp.net","uang":567},{"id":"5511956518429@s.whatsapp.net","uang":190},{"id":"559293616030@s.whatsapp.net","uang":93},{"id":"5511987132969@s.whatsapp.net","uang":14677},{"id":"559184286031@s.whatsapp.net","uang":93},{"id":"553186218285@s.whatsapp.net","uang":2097},{"id":"559392398764@s.whatsapp.net","uang":1130},{"id":"556581187587@s.whatsapp.net","uang":2576},{"id":"559988332910@s.whatsapp.net","uang":9816},{"id":"5511953919660@s.whatsapp.net","uang":95},{"id":"556285799372@s.whatsapp.net","uang":275},{"id":"5511951505984@s.whatsapp.net","uang":15943},{"id":"556281709809@s.whatsapp.net","uang":6516},{"id":"5521998507913@s.whatsapp.net","uang":92},{"id":"5514997762512@s.whatsapp.net","uang":281},{"id":"5521986874637@s.whatsapp.net","uang":98},{"id":"5511911110511@s.whatsapp.net","uang":1122},{"id":"17866878139@s.whatsapp.net","uang":8768},{"id":"553196716996@s.whatsapp.net","uang":18422},{"id":"556291620434@s.whatsapp.net","uang":97},{"id":"5527997443976@s.whatsapp.net","uang":98},{"id":"14502341721@s.whatsapp.net","uang":47179},{"id":"258869305454@s.whatsapp.net","uang":90},{"id":"555596905077@s.whatsapp.net","uang":92},{"id":"18312909311@s.whatsapp.net","uang":20311},{"id":"555597151238@s.whatsapp.net","uang":5066},{"id":"556984223225@s.whatsapp.net","uang":3120},{"id":"556281075985@s.whatsapp.net","uang":1725},{"id":"558499111712@s.whatsapp.net","uang":2456},{"id":"559991383742@s.whatsapp.net","uang":5296},{"id":"5493855810671@s.whatsapp.net","uang":2451},{"id":"16615732661@s.whatsapp.net","uang":376},{"id":"557381054006@s.whatsapp.net","uang":669},{"id":"557399421201@s.whatsapp.net","uang":3894},{"id":"558299122213@s.whatsapp.net","uang":578},{"id":"19256355673@s.whatsapp.net","uang":3483},{"id":"15096205729@s.whatsapp.net","uang":466},{"id":"556696970024@s.whatsapp.net","uang":1887},{"id":"555194394422@s.whatsapp.net","uang":95},{"id":"557185090710@s.whatsapp.net","uang":25863},{"id":"559293737456@s.whatsapp.net","uang":478},{"id":"554796620802@s.whatsapp.net","uang":191},{"id":"556791935295@s.whatsapp.net","uang":98},{"id":"5511968817421@s.whatsapp.net","uang":294},{"id":"558586803333@s.whatsapp.net","uang":91},{"id":"5521972786973@s.whatsapp.net","uang":6133},{"id":"552172329722@s.whatsapp.net","uang":1039},{"id":"559391146594@s.whatsapp.net","uang":377},{"id":"554799455183@s.whatsapp.net","uang":11652},{"id":"557499014305@s.whatsapp.net","uang":284},{"id":"5528999171428@s.whatsapp.net","uang":6247},{"id":"916359196280@s.whatsapp.net","uang":96},{"id":"917497994155@s.whatsapp.net","uang":97},{"id":"923159416003@s.whatsapp.net","uang":98},{"id":"919389096978@s.whatsapp.net","uang":98},{"id":"918007354650@s.whatsapp.net","uang":95},{"id":"923224701394@s.whatsapp.net","uang":97},{"id":"918010685725@s.whatsapp.net","uang":195},{"id":"923014042071@s.whatsapp.net","uang":93},{"id":"18604194484@s.whatsapp.net","uang":1514},{"id":"5512997936163@s.whatsapp.net","uang":32766},{"id":"5513997503646@s.whatsapp.net","uang":180},{"id":"5513988530582@s.whatsapp.net","uang":9317},{"id":"923016034581@s.whatsapp.net","uang":91},{"id":"16302394002@s.whatsapp.net","uang":93},{"id":"558181335771@s.whatsapp.net","uang":476},{"id":"918434161703@s.whatsapp.net","uang":98},{"id":"5521969452154@s.whatsapp.net","uang":196},{"id":"917807524167@s.whatsapp.net","uang":94},{"id":"5521982382651@s.whatsapp.net","uang":2936},{"id":"556799975729@s.whatsapp.net","uang":470},{"id":"556596067176@s.whatsapp.net","uang":182},{"id":"559192896768@s.whatsapp.net","uang":19081},{"id":"556592541214@s.whatsapp.net","uang":278},{"id":"556692330124@s.whatsapp.net","uang":5010},{"id":"558881743065@s.whatsapp.net","uang":8696},{"id":"554898574210@s.whatsapp.net","uang":194},{"id":"554796935403@s.whatsapp.net","uang":99},{"id":"5515998394927@s.whatsapp.net","uang":184},{"id":"553587042479@s.whatsapp.net","uang":90},{"id":"556881011899@s.whatsapp.net","uang":4520},{"id":"559184430022@s.whatsapp.net","uang":1211},{"id":"556186183921@s.whatsapp.net","uang":188},{"id":"559884148158@s.whatsapp.net","uang":94},{"id":"19185527580@s.whatsapp.net","uang":1127},{"id":"5521964485751@s.whatsapp.net","uang":375},{"id":"5511951249575@s.whatsapp.net","uang":563},{"id":"559784316114@s.whatsapp.net","uang":187},{"id":"557187851805@s.whatsapp.net","uang":94},{"id":"553384250099@s.whatsapp.net","uang":90},{"id":"5519986061514@s.whatsapp.net","uang":93},{"id":"32493384539@s.whatsapp.net","uang":553},{"id":"559192539623@s.whatsapp.net","uang":4129},{"id":"559184677947@s.whatsapp.net","uang":92},{"id":"559184844741@s.whatsapp.net","uang":2285},{"id":"559184819915@s.whatsapp.net","uang":8040},{"id":"5521972266273@s.whatsapp.net","uang":664},{"id":"553798042374@s.whatsapp.net","uang":2546},{"id":"558488912799@s.whatsapp.net","uang":196},{"id":"557488483808@s.whatsapp.net","uang":1534},{"id":"553387491698@s.whatsapp.net","uang":474},{"id":"556798857671@s.whatsapp.net","uang":4372},{"id":"558591731793@s.whatsapp.net","uang":1327},{"id":"5521990505374@s.whatsapp.net","uang":2648},{"id":"559185056597@s.whatsapp.net","uang":384},{"id":"553498758997@s.whatsapp.net","uang":9404},{"id":"557381628110@s.whatsapp.net","uang":186},{"id":"556799338349@s.whatsapp.net","uang":566},{"id":"555186827213@s.whatsapp.net","uang":1428},{"id":"5527996378788@s.whatsapp.net","uang":91},{"id":"5511934989051@s.whatsapp.net","uang":94},{"id":"5519991941864@s.whatsapp.net","uang":4544},{"id":"559294831897@s.whatsapp.net","uang":5121},{"id":"558597352347@s.whatsapp.net","uang":3501},{"id":"554497457422@s.whatsapp.net","uang":1587},{"id":"559198281018@s.whatsapp.net","uang":2285},{"id":"5527997035552@s.whatsapp.net","uang":1303},{"id":"559185717692@s.whatsapp.net","uang":937},{"id":"556592702789@s.whatsapp.net","uang":7269},{"id":"559181125822@s.whatsapp.net","uang":194},{"id":"556384269405@s.whatsapp.net","uang":187},{"id":"5521972201415@s.whatsapp.net","uang":13625},{"id":"558586592696@s.whatsapp.net","uang":188},{"id":"554792832581@s.whatsapp.net","uang":184},{"id":"5511960719950@s.whatsapp.net","uang":49828},{"id":"559185896520@s.whatsapp.net","uang":368},{"id":"558581134719@s.whatsapp.net","uang":12862},{"id":"5519995896085@s.whatsapp.net","uang":5176},{"id":"557186202976@s.whatsapp.net","uang":96},{"id":"553189020710@s.whatsapp.net","uang":275},{"id":"5519994641817@s.whatsapp.net","uang":3337},{"id":"556793318022@s.whatsapp.net","uang":4180},{"id":"557498101635@s.whatsapp.net","uang":19617},{"id":"554391211390@s.whatsapp.net","uang":373},{"id":"553484242788@s.whatsapp.net","uang":8217},{"id":"5519981291760@s.whatsapp.net","uang":1308},{"id":"5516994531496@s.whatsapp.net","uang":3600},{"id":"553171622956@s.whatsapp.net","uang":1026},{"id":"556697119195@s.whatsapp.net","uang":91},{"id":"555584670674@s.whatsapp.net","uang":11319},{"id":"5521965919663@s.whatsapp.net","uang":380},{"id":"5512996357122@s.whatsapp.net","uang":1245},{"id":"557998434458@s.whatsapp.net","uang":560},{"id":"556684007013@s.whatsapp.net","uang":181},{"id":"5517997375512@s.whatsapp.net","uang":187},{"id":"556294191409@s.whatsapp.net","uang":92},{"id":"558189558079@s.whatsapp.net","uang":92},{"id":"553199390136@s.whatsapp.net","uang":3222},{"id":"559293007002@s.whatsapp.net","uang":2436},{"id":"558792029083@s.whatsapp.net","uang":376},{"id":"555591342721@s.whatsapp.net","uang":560},{"id":"556492016315@s.whatsapp.net","uang":97},{"id":"559991068044@s.whatsapp.net","uang":98},{"id":"555592103582@s.whatsapp.net","uang":130009},{"id":"559791573608@s.whatsapp.net","uang":280},{"id":"556399945249@s.whatsapp.net","uang":94},{"id":"558681848545@s.whatsapp.net","uang":189},{"id":"558396811287@s.whatsapp.net","uang":652},{"id":"559991385123@s.whatsapp.net","uang":1983},{"id":"559985199894@s.whatsapp.net","uang":188},{"id":"559391545231@s.whatsapp.net","uang":5106},{"id":"557188080530@s.whatsapp.net","uang":858},{"id":"556293798990@s.whatsapp.net","uang":292},{"id":"555197262363@s.whatsapp.net","uang":671},{"id":"556296098841@s.whatsapp.net","uang":3117},{"id":"557191721619@s.whatsapp.net","uang":475},{"id":"557398558399@s.whatsapp.net","uang":98},{"id":"557188033471@s.whatsapp.net","uang":27884},{"id":"5511958843606@s.whatsapp.net","uang":1858},{"id":"558387378473@s.whatsapp.net","uang":2731},{"id":"5514991688087@s.whatsapp.net","uang":185},{"id":"556293762815@s.whatsapp.net","uang":391},{"id":"558588543962@s.whatsapp.net","uang":3508},{"id":"553491231741@s.whatsapp.net","uang":191},{"id":"5511966056464@s.whatsapp.net","uang":90},{"id":"554198386493@s.whatsapp.net","uang":283},{"id":"559488055063@s.whatsapp.net","uang":92},{"id":"553496513044@s.whatsapp.net","uang":2546},{"id":"558781127319@s.whatsapp.net","uang":13007},{"id":"559293502005@s.whatsapp.net","uang":98},{"id":"558388551144@s.whatsapp.net","uang":662},{"id":"558287112942@s.whatsapp.net","uang":2349},{"id":"5514982126367@s.whatsapp.net","uang":5365},{"id":"555592389774@s.whatsapp.net","uang":5371},{"id":"556384265253@s.whatsapp.net","uang":1038},{"id":"557381446148@s.whatsapp.net","uang":189},{"id":"556296560015@s.whatsapp.net","uang":291},{"id":"559184496628@s.whatsapp.net","uang":182},{"id":"559189532477@s.whatsapp.net","uang":282},{"id":"5511963563657@s.whatsapp.net","uang":7214},{"id":"558499294452@s.whatsapp.net","uang":850},{"id":"5511958024176@s.whatsapp.net","uang":2836},{"id":"558396525533@s.whatsapp.net","uang":94},{"id":"557388343462@s.whatsapp.net","uang":1892},{"id":"556196883857@s.whatsapp.net","uang":5591},{"id":"554989269355@s.whatsapp.net","uang":8927},{"id":"557998968361@s.whatsapp.net","uang":191},{"id":"559884518165@s.whatsapp.net","uang":182},{"id":"19128670065@s.whatsapp.net","uang":5865},{"id":"559492512411@s.whatsapp.net","uang":92},{"id":"558591410914@s.whatsapp.net","uang":472},{"id":"558488619301@s.whatsapp.net","uang":565},{"id":"5511998315117@s.whatsapp.net","uang":279},{"id":"554488465236@s.whatsapp.net","uang":2912},{"id":"5518988015080@s.whatsapp.net","uang":182},{"id":"558694699934@s.whatsapp.net","uang":181},{"id":"553499255944@s.whatsapp.net","uang":280},{"id":"5521979305741@s.whatsapp.net","uang":191},{"id":"558198488599@s.whatsapp.net","uang":94},{"id":"5511942361881@s.whatsapp.net","uang":382},{"id":"556384175611@s.whatsapp.net","uang":184},{"id":"553398240935@s.whatsapp.net","uang":1312},{"id":"556992250903@s.whatsapp.net","uang":92},{"id":"5511932699512@s.whatsapp.net","uang":98},{"id":"553599769247@s.whatsapp.net","uang":95},{"id":"554199014383@s.whatsapp.net","uang":485},{"id":"557391161046@s.whatsapp.net","uang":375},{"id":"5527995171461@s.whatsapp.net","uang":1425},{"id":"5511988174818@s.whatsapp.net","uang":285},{"id":"559885021766@s.whatsapp.net","uang":98},{"id":"5511995353693@s.whatsapp.net","uang":1584},{"id":"554896122434@s.whatsapp.net","uang":194},{"id":"556182936699@s.whatsapp.net","uang":5696},{"id":"559892056243@s.whatsapp.net","uang":11636},{"id":"553496394082@s.whatsapp.net","uang":186},{"id":"5519981755550@s.whatsapp.net","uang":92},{"id":"559884643336@s.whatsapp.net","uang":569},{"id":"558188735010@s.whatsapp.net","uang":196},{"id":"5519999426682@s.whatsapp.net","uang":94},{"id":"559285264288@s.whatsapp.net","uang":374},{"id":"557799381376@s.whatsapp.net","uang":14942},{"id":"559198352880@s.whatsapp.net","uang":472},{"id":"559292764758@s.whatsapp.net","uang":94},{"id":"5521985845047@s.whatsapp.net","uang":5288},{"id":"558192549072@s.whatsapp.net","uang":1217},{"id":"558184357111@s.whatsapp.net","uang":91},{"id":"556492264556@s.whatsapp.net","uang":468},{"id":"558192658281@s.whatsapp.net","uang":12970},{"id":"558387043258@s.whatsapp.net","uang":291},{"id":"558894688993@s.whatsapp.net","uang":187},{"id":"18103782844@s.whatsapp.net","uang":2673},{"id":"558199452792@s.whatsapp.net","uang":7113},{"id":"5521972232095@s.whatsapp.net","uang":753},{"id":"556296688968@s.whatsapp.net","uang":388},{"id":"557598899803@s.whatsapp.net","uang":2740},{"id":"13853492543@s.whatsapp.net","uang":189},{"id":"558591320564@s.whatsapp.net","uang":9739},{"id":"5511985024191@s.whatsapp.net","uang":7606},{"id":"556293603445@s.whatsapp.net","uang":91},{"id":"558999889646@s.whatsapp.net","uang":1045},{"id":"554398403710@s.whatsapp.net","uang":189},{"id":"556194634999@s.whatsapp.net","uang":868},{"id":"555186558820@s.whatsapp.net","uang":3307},{"id":"5519983038420@s.whatsapp.net","uang":93},{"id":"559985209920@s.whatsapp.net","uang":192},{"id":"5522999109941@s.whatsapp.net","uang":98},{"id":"557183949780@s.whatsapp.net","uang":188},{"id":"553398004224@s.whatsapp.net","uang":278},{"id":"16233562011@s.whatsapp.net","uang":196},{"id":"19364953476@s.whatsapp.net","uang":284},{"id":"5514998299626@s.whatsapp.net","uang":94},{"id":"19302084833@s.whatsapp.net","uang":743},{"id":"556992661203@s.whatsapp.net","uang":98},{"id":"553183268885@s.whatsapp.net","uang":1611},{"id":"5511949504614@s.whatsapp.net","uang":96},{"id":"559499045741@s.whatsapp.net","uang":1229},{"id":"556798000328@s.whatsapp.net","uang":457},{"id":"557188304415@s.whatsapp.net","uang":654},{"id":"5521981212546@s.whatsapp.net","uang":280},{"id":"558981041622@s.whatsapp.net","uang":192},{"id":"554699257855@s.whatsapp.net","uang":90},{"id":"556392277302@s.whatsapp.net","uang":656},{"id":"5516992520413@s.whatsapp.net","uang":13006},{"id":"14507006822@s.whatsapp.net","uang":12625},{"id":"5521976529018@s.whatsapp.net","uang":371},{"id":"5513996913409@s.whatsapp.net","uang":1850},{"id":"559199269035@s.whatsapp.net","uang":95},{"id":"558581178080@s.whatsapp.net","uang":90},{"id":"553288416662@s.whatsapp.net","uang":4737},{"id":"559889178101@s.whatsapp.net","uang":92},{"id":"554796999693@s.whatsapp.net","uang":290},{"id":"559888050093@s.whatsapp.net","uang":554},{"id":"558694726271@s.whatsapp.net","uang":90},{"id":"5521983992064@s.whatsapp.net","uang":386},{"id":"5511961548067@s.whatsapp.net","uang":291},{"id":"5511949673282@s.whatsapp.net","uang":95},{"id":"6283152753417@s.whatsapp.net","uang":280},{"id":"558988194700@s.whatsapp.net","uang":96},{"id":"553198249115@s.whatsapp.net","uang":91},{"id":"5511968538022@s.whatsapp.net","uang":3498},{"id":"558494021027@s.whatsapp.net","uang":370},{"id":"34611056659@s.whatsapp.net","uang":282},{"id":"558183064666@s.whatsapp.net","uang":1958},{"id":"559193690431@s.whatsapp.net","uang":280},{"id":"554199856977@s.whatsapp.net","uang":566},{"id":"558798072486@s.whatsapp.net","uang":194}]